-- phpMyAdmin SQL Dump
-- version 4.8.5
-- https://www.phpmyadmin.net/
--
-- Host: 127.0.0.1
-- Generation Time: May 25, 2019 at 06:51 AM
-- Server version: 10.1.38-MariaDB
-- PHP Version: 7.3.2

SET SQL_MODE = "NO_AUTO_VALUE_ON_ZERO";
SET AUTOCOMMIT = 0;
START TRANSACTION;
SET time_zone = "+00:00";


/*!40101 SET @OLD_CHARACTER_SET_CLIENT=@@CHARACTER_SET_CLIENT */;
/*!40101 SET @OLD_CHARACTER_SET_RESULTS=@@CHARACTER_SET_RESULTS */;
/*!40101 SET @OLD_COLLATION_CONNECTION=@@COLLATION_CONNECTION */;
/*!40101 SET NAMES utf8mb4 */;

--
-- Database: `hoahong`
--

-- --------------------------------------------------------

--
-- Table structure for table `hh_child`
--

DROP TABLE IF EXISTS `hh_child`;
CREATE TABLE `hh_child` (
  `id` int(11) NOT NULL,
  `class_id` int(11) NOT NULL,
  `code` varchar(255) NOT NULL,
  `sex` int(11) DEFAULT NULL,
  `name` varchar(225) NOT NULL,
  `family_name` varchar(255) DEFAULT NULL,
  `address` varchar(255) DEFAULT NULL,
  `mobile` varchar(50) DEFAULT NULL,
  `fee` varchar(255) NOT NULL,
  `status` int(11) DEFAULT NULL,
  `description` varchar(1000) DEFAULT NULL,
  `create_by` int(11) DEFAULT NULL,
  `create_date` datetime DEFAULT NULL,
  `update_by` int(11) DEFAULT NULL,
  `update_date` datetime DEFAULT NULL
) ENGINE=MyISAM DEFAULT CHARSET=utf8;

--
-- Dumping data for table `hh_child`
--

INSERT INTO `hh_child` (`id`, `class_id`, `code`, `sex`, `name`, `family_name`, `address`, `mobile`, `fee`, `status`, `description`, `create_by`, `create_date`, `update_by`, `update_date`) VALUES
(42, 47, 'HH-0006', 0, 'Nguyễn Anh thư', NULL, NULL, NULL, '45,44', 1, NULL, 1, '2019-04-23 03:00:28', NULL, '2019-04-23 03:00:28'),
(41, 47, 'HH-0005', 1, 'Huỳnh Nguyên Bảo', NULL, NULL, NULL, '44', 1, NULL, 1, '2019-04-23 02:59:51', NULL, '2019-04-23 02:59:51'),
(40, 47, 'HH-0004', 1, 'Minh Hoàng', NULL, NULL, NULL, '46,45,44', 1, NULL, 1, '2019-04-08 12:10:44', NULL, '2019-04-08 12:10:44'),
(39, 47, 'HH-0003', 1, 'Phan Minh Gia Bảo', NULL, NULL, NULL, '45,44', 1, NULL, 1, '2019-04-08 12:10:14', NULL, '2019-04-08 12:10:14'),
(38, 47, 'HH-0002', 1, 'Lê Quang Gia Bảo', NULL, NULL, NULL, '45,44', 1, NULL, 1, '2019-04-08 12:09:43', NULL, '2019-04-08 12:09:43'),
(37, 47, 'HH-0001', 1, 'Nguyễn Thanh Minh Khánh', NULL, NULL, NULL, '46,45,44', 1, NULL, 1, '2019-04-08 12:09:03', NULL, '2019-04-08 12:09:03'),
(43, 47, 'HH-0007', 0, 'Mai Huỳnh Thảo Nguyên', NULL, NULL, NULL, '46,45,44', 1, NULL, 1, '2019-04-23 03:01:05', NULL, '2019-04-23 03:01:05'),
(44, 47, 'HH-0008', 0, 'Lê Phương Linh', NULL, NULL, NULL, '45,44', 1, NULL, 1, '2019-04-23 03:01:52', NULL, '2019-04-23 03:01:52'),
(45, 47, 'HH-0009', 1, 'Phan Đình Trung', NULL, NULL, NULL, '46,45,44', 1, NULL, 1, '2019-04-23 03:02:42', NULL, '2019-04-23 03:02:42'),
(46, 48, 'HH-0010', 1, 'Đặng Quốc Đạt', NULL, NULL, NULL, '46,45,44', 1, NULL, 1, '2019-04-23 03:04:01', NULL, '2019-04-23 03:04:01'),
(47, 47, 'HH-0011', 0, 'Phan Ngọc Nhã Quyên', NULL, NULL, NULL, '45,44', 1, NULL, 1, '2019-04-23 03:05:04', NULL, '2019-04-23 03:05:04'),
(48, 47, 'HH-0012', 1, 'Nguyễn Phạm Hoàng Phúc', NULL, NULL, NULL, '46,45,44', 1, NULL, 1, '2019-04-23 03:05:48', NULL, '2019-04-23 03:05:48'),
(49, 47, 'HH-0013', 1, 'Ngô Nhật Thịnh', NULL, NULL, NULL, '45,44', 1, NULL, 1, '2019-04-23 03:08:44', NULL, '2019-04-23 03:08:44'),
(50, 47, 'HH-0014', 1, 'Huỳnh Chí Cường', NULL, NULL, NULL, '44', 1, NULL, 1, '2019-04-23 03:22:32', NULL, '2019-04-23 03:22:32'),
(51, 47, 'HH-0015', 0, 'Nguyễn Thanh Thảo', NULL, NULL, NULL, '44', 1, NULL, 1, '2019-04-23 03:23:06', NULL, '2019-04-23 03:23:06'),
(52, 47, 'HH-0016', 0, 'Nguyễn Thị Phương Hảo', NULL, NULL, NULL, '46,45,44', 1, NULL, 1, '2019-04-23 03:23:53', NULL, '2019-04-23 03:23:53'),
(53, 47, 'HH-0017', 1, 'Nguyễn Anh Duy', NULL, NULL, NULL, '46,45,44', 1, NULL, 1, '2019-04-23 03:24:41', NULL, '2019-04-23 03:24:41'),
(54, 47, 'HH-0018', 1, 'Phan Quang Khải', NULL, NULL, NULL, '45,44', 1, NULL, 1, '2019-04-23 03:25:19', NULL, '2019-04-23 03:25:19'),
(55, 47, 'HH-0019', 0, 'Phạm Nguyệt Ánh', NULL, NULL, NULL, '45,44', 1, NULL, 1, '2019-04-23 03:26:03', NULL, '2019-04-23 03:26:03'),
(56, 47, 'HH-0020', 0, 'Đỗ Ngọc Phương Trâm', NULL, NULL, NULL, '46,45,44', 1, NULL, 1, '2019-04-23 03:26:33', NULL, '2019-04-23 03:26:33'),
(57, 47, 'HH-0021', 1, 'Lê Bá Thiên Ân', NULL, NULL, NULL, '46,44', 1, NULL, 1, '2019-04-23 03:30:25', NULL, '2019-04-23 03:30:25'),
(58, 47, 'HH-0022', 1, 'Nguyễn Trần Bảo Nguyên', NULL, NULL, NULL, '46,45,44', 1, NULL, 1, '2019-04-23 03:39:13', NULL, '2019-04-23 03:39:13'),
(59, 47, 'HH-0023', 1, 'Hà Đăng Khoa', NULL, NULL, NULL, '46,45,44', 1, NULL, 1, '2019-04-23 07:39:40', NULL, '2019-04-23 07:39:40'),
(60, 48, 'HH-0024', 1, 'Trần Bảo Minh', NULL, NULL, NULL, '46,45,44', 1, NULL, 1, '2019-04-23 07:40:06', NULL, '2019-04-23 07:40:06'),
(61, 47, 'HH-0025', 1, 'Ngô Hoàng Trung', NULL, NULL, NULL, '46,45,44', 1, NULL, 1, '2019-04-23 07:40:37', NULL, '2019-04-23 07:40:37'),
(62, 47, 'HH-0026', 1, 'Nguyễn Ngọc Thiên Phúc', NULL, NULL, NULL, '44', 1, NULL, 1, '2019-04-23 07:41:13', NULL, '2019-04-23 07:41:13'),
(63, 47, 'HH-0027', 0, 'Trần Nguyễn Thảo An', NULL, NULL, NULL, '46,45,44', 1, NULL, 1, '2019-04-23 07:41:56', NULL, '2019-04-23 07:41:56'),
(64, 47, 'HH-0028', 1, 'Phùng Gia Bảo', NULL, NULL, NULL, '46,45,44', 1, NULL, 1, '2019-04-23 07:42:27', NULL, '2019-04-23 07:42:27'),
(65, 47, 'HH-0029', 0, 'Trần Hà Như', NULL, NULL, NULL, '46,45,44', 1, NULL, 1, '2019-04-23 07:42:53', NULL, '2019-04-23 07:42:53'),
(66, 47, 'HH-0030', 1, 'Phạm Ngọc Thiện', NULL, NULL, NULL, '45,44', 1, NULL, 1, '2019-04-23 07:43:20', NULL, '2019-04-23 07:43:20'),
(67, 47, 'HH-0031', 1, 'Nguyễn Minh Hiếu', NULL, NULL, NULL, '45,44', 1, NULL, 1, '2019-04-23 07:43:53', NULL, '2019-04-23 07:43:53'),
(68, 47, 'HH-0032', 1, 'Hồ Ngọc An Thường', NULL, NULL, NULL, '44', 1, NULL, 1, '2019-04-23 07:44:17', NULL, '2019-04-23 07:44:17'),
(69, 48, 'HH-0033', 1, 'Ngô Nguyên Gia Bảo', NULL, NULL, NULL, '44', 1, NULL, 1, '2019-04-23 07:45:25', NULL, '2019-04-23 07:45:25'),
(70, 47, 'HH-0034', 1, 'Trần Phúc Thiên', NULL, NULL, NULL, '45,44', 1, NULL, 1, '2019-04-23 07:45:45', NULL, '2019-04-23 07:45:45'),
(71, 47, 'HH-0035', 1, 'Huỳnh Tấn Tài', NULL, NULL, NULL, '46,44', 1, NULL, 1, '2019-04-23 07:46:09', NULL, '2019-04-23 07:46:09'),
(72, 48, 'HH-0036', 0, 'Nguyễn Hoàng Xuân Nguyên', NULL, NULL, NULL, '45,44', 1, NULL, 1, '2019-04-23 07:51:57', NULL, '2019-04-23 07:51:57'),
(73, 48, 'HH-0037', 0, 'Nguyễn Hoàng Thư', NULL, NULL, NULL, '45,44', 1, NULL, 1, '2019-04-23 07:53:36', NULL, '2019-04-23 07:53:36'),
(74, 48, 'HH-0038', 1, 'Nguyễn Trần Phúc Thịnh', NULL, NULL, NULL, '44', 1, NULL, 1, '2019-04-23 07:54:40', NULL, '2019-04-23 07:54:40'),
(75, 48, 'HH-0039', 0, 'Hồ Nguyễn Thanh Thanh', NULL, NULL, NULL, '45,44', 1, NULL, 1, '2019-04-23 07:55:15', NULL, '2019-04-23 07:55:15'),
(76, 48, 'HH-0040', 1, 'Phan Phú Gia Bảo', NULL, NULL, NULL, '45,44', 1, NULL, 1, '2019-04-23 07:55:49', NULL, '2019-04-23 07:55:49'),
(77, 48, 'HH-0041', 0, 'Nguyễn Phương Anh', NULL, NULL, NULL, '46,45,44,51', 1, NULL, 1, '2019-04-23 07:57:03', 1, '2019-05-18 08:14:16'),
(78, 48, 'HH-0042', 1, 'Trà Lê Minh Quân', NULL, NULL, NULL, '44', 1, NULL, 1, '2019-04-23 07:57:22', NULL, '2019-04-23 07:57:22'),
(79, 48, 'HH-0043', 1, 'Khúc Khải An', NULL, NULL, NULL, '45,44', 1, NULL, 1, '2019-04-23 07:57:49', NULL, '2019-04-23 07:57:49'),
(80, 48, 'HH-0044', 0, 'Trần Nguyễn Tuyết Anh', NULL, NULL, NULL, '45,44', 1, NULL, 1, '2019-04-23 07:58:15', NULL, '2019-04-23 07:58:15'),
(81, 48, 'HH-0045', 1, 'Hồ Tùng Anh', NULL, NULL, NULL, '45,44', 1, NULL, 1, '2019-04-23 07:58:54', NULL, '2019-04-23 07:58:54'),
(82, 48, 'HH-0046', 0, 'Đặng Lê Khánh Đan', NULL, NULL, NULL, '45,44', 1, NULL, 1, '2019-04-23 07:59:23', NULL, '2019-04-23 07:59:23'),
(83, 48, 'HH-0047', 0, 'Ngô Bảo Ngọc', NULL, NULL, NULL, '46,45,44', 1, NULL, 1, '2019-04-23 07:59:55', NULL, '2019-04-23 07:59:55'),
(84, 48, 'HH-0048', 1, 'Cao Khả Minh Triết', NULL, NULL, NULL, '46,45,44', 1, NULL, 1, '2019-04-23 08:00:35', NULL, '2019-04-23 08:00:35'),
(85, 48, 'HH-0049', 0, 'Tạ Linh Khuê', NULL, NULL, NULL, '45,44', 1, NULL, 1, '2019-04-23 08:00:56', NULL, '2019-04-23 08:00:56'),
(86, 48, 'HH-0050', 1, 'Võ An Thái', NULL, NULL, NULL, '45,44', 1, NULL, 1, '2019-04-23 08:01:28', NULL, '2019-04-23 08:01:28'),
(87, 48, 'HH-0051', 0, 'Nguyễn Ngọc Minh Uyên', NULL, NULL, NULL, '45,44', 1, NULL, 1, '2019-04-23 08:02:04', NULL, '2019-04-23 08:02:04'),
(88, 48, 'HH-0052', 0, 'Cai Cát Ý Như', NULL, NULL, NULL, '45,44', 1, NULL, 1, '2019-04-23 08:02:41', NULL, '2019-04-23 08:02:41'),
(89, 48, 'HH-0053', 0, 'Nguyễn Ngọc Hải Yến', NULL, NULL, NULL, '45,44', 1, NULL, 1, '2019-04-23 08:03:49', NULL, '2019-04-23 08:03:49'),
(90, 48, 'HH-0054', 0, 'Nguyễn Mai Trinh', NULL, NULL, NULL, '45,44', 1, NULL, 1, '2019-04-23 08:04:22', NULL, '2019-04-23 08:04:22'),
(91, 48, 'HH-0055', 0, 'Trần Thị Nhã Phương', NULL, NULL, NULL, '45,44', 1, NULL, 1, '2019-04-23 08:04:46', NULL, '2019-04-23 08:04:46'),
(92, 48, 'HH-0056', 1, 'Trần Trung Kiên', NULL, NULL, NULL, '45,44', 1, NULL, 1, '2019-04-23 08:05:30', NULL, '2019-04-23 08:05:30'),
(93, 48, 'HH-0057', 1, 'Bùi Viết Minh Khoa', NULL, NULL, NULL, '45,44', 1, NULL, 1, '2019-04-23 08:05:57', NULL, '2019-04-23 08:05:57'),
(94, 48, 'HH-0058', 1, 'Lê Đình Phú Trọng', NULL, NULL, NULL, '44', 1, NULL, 1, '2019-04-23 08:06:25', NULL, '2019-04-23 08:06:25'),
(95, 48, 'HH-0059', 0, 'Nguyễn Khánh Ngọc', NULL, NULL, NULL, '44', 1, NULL, 1, '2019-04-23 08:07:04', NULL, '2019-04-23 08:07:04'),
(96, 48, 'HH-0060', 1, 'Nguyễn Việt Dũng', NULL, NULL, NULL, '45,44', 1, NULL, 1, '2019-04-23 08:07:37', NULL, '2019-04-23 08:07:37'),
(97, 48, 'HH-0061', 0, 'Nguyễn Khánh Quỳnh', NULL, NULL, NULL, '45,44', 1, NULL, 1, '2019-04-23 08:08:43', NULL, '2019-04-23 08:08:43'),
(98, 48, 'HH-0062', 1, 'Đặng Tuấn Phước', NULL, NULL, NULL, '44', 1, NULL, 1, '2019-04-23 08:09:10', NULL, '2019-04-23 08:09:10'),
(99, 48, 'HH-0063', 0, 'Nguyễn Trần Thảo Trang', NULL, NULL, NULL, '46,45,44', 1, NULL, 1, '2019-04-23 08:10:03', NULL, '2019-04-23 08:10:03'),
(100, 48, 'HH-0064', 1, 'Đào Ngọc Anh Khoa', NULL, NULL, NULL, '46,44', 1, NULL, 1, '2019-04-23 08:10:33', NULL, '2019-04-23 08:10:33'),
(101, 48, 'HH-0065', 0, 'Nguyễn Quỳnh Anh Vy', NULL, NULL, NULL, '45,44', 1, NULL, 1, '2019-04-23 08:11:10', NULL, '2019-04-23 08:11:10'),
(102, 48, 'HH-0066', 1, 'Nguyễn Tiến Phong', NULL, NULL, NULL, '44', 1, NULL, 1, '2019-04-23 08:13:06', NULL, '2019-04-23 08:13:06'),
(103, 48, 'HH-0067', 1, 'Hồ Nhật Minh', NULL, NULL, NULL, '44', 1, NULL, 1, '2019-04-23 08:13:30', NULL, '2019-04-23 08:13:30'),
(104, 48, 'HH-0068', 1, 'Lê Văn Trọng', NULL, NULL, NULL, '46,45,44', 1, NULL, 1, '2019-04-23 08:13:54', NULL, '2019-04-23 08:13:54'),
(105, 48, 'HH-0069', 0, 'Đan Như', NULL, NULL, NULL, '44', 1, NULL, 1, '2019-04-23 08:18:09', NULL, '2019-04-23 08:18:09'),
(106, 48, 'HH-0070', 0, 'Huỳnh Minh Cát Vy', NULL, NULL, NULL, '46,45,44', 1, NULL, 1, '2019-04-23 08:18:43', NULL, '2019-04-23 08:18:43'),
(107, 48, 'HH-0071', 0, 'Huỳnh Phạm Khánh Ly', NULL, NULL, NULL, '45,44', 1, NULL, 1, '2019-04-23 08:19:16', 1, '2019-05-03 02:47:43'),
(108, 48, 'HH-0072', 1, 'Trần Gia Phú', NULL, NULL, NULL, '44', 1, NULL, 1, '2019-04-23 08:19:35', NULL, '2019-04-23 08:19:35'),
(109, 48, 'HH-0073', 1, 'Nguyễn Viết Sang', NULL, NULL, NULL, '45,44', 1, NULL, 1, '2019-04-23 08:20:01', NULL, '2019-04-23 08:20:01'),
(110, 48, 'HH-0074', 0, 'Phan Thanh Hà', NULL, NULL, NULL, '45,44', 1, NULL, 1, '2019-04-23 08:20:28', NULL, '2019-04-23 08:20:28'),
(111, 49, 'HH-0075', 1, 'Trương Gia Bảo', NULL, NULL, NULL, '47,46,44,48', 1, NULL, 1, '2019-05-02 02:19:07', NULL, '2019-05-02 02:19:07'),
(112, 49, 'HH-0076', 1, 'Phạm Hoàng Khánh nguyên', NULL, NULL, NULL, '46,44', 1, NULL, 1, '2019-05-02 02:19:52', NULL, '2019-05-02 02:19:52'),
(113, 49, 'HH-0077', 0, 'Cao Bảo Ngân', NULL, NULL, NULL, '47,45,44,48', 1, NULL, 1, '2019-05-02 02:21:08', NULL, '2019-05-02 02:21:08'),
(114, 49, 'HH-0078', 1, 'Đặng Du Lạc Hy', NULL, NULL, NULL, '47,44,48', 1, NULL, 1, '2019-05-02 02:21:51', NULL, '2019-05-02 02:21:51'),
(115, 49, 'HH-0079', 0, 'Nguyễn Ngọc Cát Tiên', NULL, NULL, NULL, '47,45,44,48', 1, NULL, 1, '2019-05-02 02:23:07', NULL, '2019-05-02 02:23:07'),
(116, 49, 'HH-0080', 0, 'Phan Trần Phương Thảo', NULL, NULL, NULL, '47,45,44,48', 1, NULL, 1, '2019-05-02 02:26:43', NULL, '2019-05-02 02:26:43'),
(117, 49, 'HH-0081', 0, 'Nguyễn Anh Thư', NULL, NULL, NULL, '47,45,44', 1, NULL, 1, '2019-05-02 02:28:30', NULL, '2019-05-02 02:28:30'),
(118, 49, 'HH-0082', 1, 'Phan Nguyễn Hoàng Duy', NULL, NULL, NULL, '44', 1, NULL, 1, '2019-05-02 02:32:17', 1, '2019-05-03 06:25:43'),
(119, 49, 'HH-0083', 1, 'Đinh Bảo Minh', NULL, NULL, NULL, '44,48', 1, NULL, 1, '2019-05-02 02:34:58', NULL, '2019-05-02 02:34:58'),
(120, 49, 'HH-0084', 0, 'Phạm Đinh Khánh Vân', NULL, NULL, NULL, '45,44', 1, NULL, 1, '2019-05-02 02:43:08', NULL, '2019-05-02 02:43:08'),
(121, 49, 'HH-0085', 0, 'Võ Trần Bảo Hân', NULL, NULL, NULL, '47,44,48', 1, NULL, 1, '2019-05-02 02:43:35', NULL, '2019-05-02 02:43:35'),
(122, 49, 'HH-0086', 0, 'Nguyễn Thị Xuân Bình', NULL, NULL, NULL, '47,45,44,48', 1, NULL, 1, '2019-05-02 02:44:04', NULL, '2019-05-02 02:44:04'),
(123, 49, 'HH-0087', 1, 'Nguyễn Quốc Hào', NULL, NULL, NULL, '44', 1, NULL, 1, '2019-05-02 02:44:33', NULL, '2019-05-02 02:44:33'),
(124, 49, 'HH-0088', 0, 'Nguyễn Hoàng Hương Giang', NULL, NULL, NULL, '45,44', 1, NULL, 1, '2019-05-02 02:45:00', NULL, '2019-05-02 02:45:00'),
(125, 49, 'HH-0089', 1, 'Nguyễn Hải Đăng', NULL, NULL, NULL, '47,46,45,44,48', 1, NULL, 1, '2019-05-02 02:45:50', NULL, '2019-05-02 02:45:50'),
(126, 49, 'HH-0090', 0, 'Hoàng Thảo Nhi', NULL, NULL, NULL, '45,44', 1, NULL, 1, '2019-05-02 02:46:09', NULL, '2019-05-02 02:46:09'),
(127, 49, 'HH-0091', 1, 'Dương Trọng Khang', NULL, NULL, NULL, '44', 1, NULL, 1, '2019-05-02 02:46:30', NULL, '2019-05-02 02:46:30'),
(128, 49, 'HH-0092', 1, 'Lương Công Vinh', NULL, NULL, NULL, '45,44', 1, NULL, 1, '2019-05-02 02:47:57', NULL, '2019-05-02 02:47:57'),
(129, 49, 'HH-0093', 1, 'Võ Hoàng Kim Bảo', NULL, NULL, NULL, '46,45,44', 1, NULL, 1, '2019-05-02 02:48:28', NULL, '2019-05-02 02:48:28'),
(130, 49, 'HH-0094', 0, 'Phạm Quỳnh Anh', NULL, NULL, NULL, '47,44', 1, NULL, 1, '2019-05-02 02:48:56', NULL, '2019-05-02 02:48:56'),
(131, 49, 'HH-0095', 1, 'Trần Duy Phúc', NULL, NULL, NULL, '45,44', 1, NULL, 1, '2019-05-02 02:49:20', NULL, '2019-05-02 02:49:20'),
(132, 49, 'HH-0096', 1, 'Lê Đoàn Bảo Thiên', NULL, NULL, NULL, '45,44', 1, NULL, 1, '2019-05-02 02:50:52', NULL, '2019-05-02 02:50:52'),
(133, 49, 'HH-0097', 1, 'Mai Thanh Phước', NULL, NULL, NULL, '47,46,45,44,48', 1, NULL, 1, '2019-05-02 02:51:22', NULL, '2019-05-02 02:51:22'),
(134, 49, 'HH-0098', 0, 'Nguyễn Thị Khả Ngân', NULL, NULL, NULL, '47,45,44,48', 1, NULL, 1, '2019-05-02 02:51:46', NULL, '2019-05-02 02:51:46'),
(135, 49, 'HH-0099', 0, 'Ngô Bảo Trân', NULL, NULL, NULL, '44', 1, NULL, 1, '2019-05-02 02:52:18', NULL, '2019-05-02 02:52:18'),
(136, 49, 'HH-0100', 1, 'Mai Hoàng Quân', NULL, NULL, NULL, '45,44', 1, NULL, 1, '2019-05-02 02:52:44', NULL, '2019-05-02 02:52:44'),
(137, 49, 'HH-0101', 1, 'Đặng Minh Khiêm', NULL, NULL, NULL, '44', 1, NULL, 1, '2019-05-02 02:53:25', NULL, '2019-05-02 02:53:25'),
(138, 49, 'HH-0102', 1, 'Nguyễn Bình Minh', NULL, NULL, NULL, '47,44,48', 1, NULL, 1, '2019-05-02 02:54:23', NULL, '2019-05-02 02:54:23'),
(139, 49, 'HH-0103', 1, 'Lê Tự An Khang', NULL, NULL, NULL, '44', 1, NULL, 1, '2019-05-02 02:54:49', NULL, '2019-05-02 02:54:49'),
(140, 49, 'HH-0104', 0, 'Mai Cao Khánh Vân', NULL, NULL, NULL, '47,45,44,48', 1, NULL, 1, '2019-05-02 02:55:24', NULL, '2019-05-02 02:55:24'),
(141, 49, 'HH-0105', 0, 'Trần Đoàn Ngân Hà', NULL, NULL, NULL, '47,45,44,48', 1, NULL, 1, '2019-05-02 02:55:57', NULL, '2019-05-02 02:55:57'),
(142, 49, 'HH-0106', 0, 'Phạm Bảo Ngọc', NULL, NULL, NULL, '46,45,44', 1, NULL, 1, '2019-05-02 02:56:23', NULL, '2019-05-02 02:56:23'),
(143, 49, 'HH-0107', 1, 'Phạm Đăng Khôi', NULL, NULL, NULL, '46,45,44', 1, NULL, 1, '2019-05-02 02:56:47', NULL, '2019-05-02 02:56:47'),
(144, 49, 'HH-0108', 1, 'Nguyễn Phúc Dương', NULL, NULL, NULL, '47,45,44,48', 1, NULL, 1, '2019-05-02 02:57:42', NULL, '2019-05-02 02:57:42'),
(145, 49, 'HH-0109', 0, 'Ngô Hoàng Linh', NULL, NULL, NULL, '44', 1, NULL, 1, '2019-05-02 03:00:05', NULL, '2019-05-02 03:00:05'),
(146, 49, 'HH-0110', 1, 'Nguyễn Trần Việt Anh', NULL, NULL, NULL, '45,44', 1, NULL, 1, '2019-05-02 03:00:53', NULL, '2019-05-02 03:00:53'),
(147, 50, 'HH-0111', 0, 'Hoài An', NULL, NULL, NULL, '47,46,45,44,48', 1, NULL, 1, '2019-05-02 03:05:27', NULL, '2019-05-02 03:05:27'),
(148, 50, 'HH-0112', 1, 'Trần Duy Hải Đăng', NULL, NULL, NULL, '47,46,45,44,48', 1, NULL, 1, '2019-05-02 03:06:48', NULL, '2019-05-02 03:06:48'),
(149, 50, 'HH-0113', 1, 'Lương Nguyễn Gia Khang', NULL, NULL, NULL, '47,46,45,44,48', 1, NULL, 1, '2019-05-02 03:07:21', NULL, '2019-05-02 03:07:21'),
(150, 50, 'HH-0114', 1, 'Hoàng Minh Toàn', NULL, NULL, NULL, '47,44,48', 1, NULL, 1, '2019-05-02 03:07:57', NULL, '2019-05-02 03:07:57'),
(151, 50, 'HH-0115', 0, 'Phạm An Dy', NULL, NULL, NULL, '47,46,45,44,48', 1, NULL, 1, '2019-05-02 03:08:22', NULL, '2019-05-02 03:08:22'),
(152, 50, 'HH-0116', 0, 'Võ Nguyễn Khánh Linh', NULL, NULL, NULL, '46,44', 1, NULL, 1, '2019-05-02 03:09:07', NULL, '2019-05-02 03:09:07'),
(153, 50, 'HH-0117', 1, 'Nguyễn Đình Nhật Khánh', NULL, NULL, NULL, '47,46,45,44', 1, NULL, 1, '2019-05-02 03:09:36', NULL, '2019-05-02 03:09:36'),
(154, 50, 'HH-0118', 1, 'Hồ Phan Trung Kiên', NULL, NULL, NULL, '46,45,44', 1, NULL, 1, '2019-05-02 03:10:09', NULL, '2019-05-02 03:10:09'),
(155, 50, 'HH-0119', 1, 'Võ Đặng Thanh Phong', NULL, NULL, NULL, '47,46,44,48', 1, NULL, 1, '2019-05-02 03:10:42', NULL, '2019-05-02 03:10:42'),
(156, 50, 'HH-0120', 1, 'Trần Văn Đăng Khoa', NULL, NULL, NULL, '47,44,48', 1, NULL, 1, '2019-05-02 03:11:20', NULL, '2019-05-02 03:11:20'),
(157, 50, 'HH-0121', 1, 'Vũ Tiến Lộc', NULL, NULL, NULL, '47,45,44', 1, NULL, 1, '2019-05-02 03:11:52', NULL, '2019-05-02 03:11:52'),
(158, 50, 'HH-0122', 0, 'Nguyễn Lê Thảo Tiên', NULL, NULL, NULL, '47,45,44,48', 1, NULL, 1, '2019-05-02 03:12:27', NULL, '2019-05-02 03:12:27'),
(159, 50, 'HH-0123', 0, 'Lê Hà An', NULL, NULL, NULL, '47,44,48', 1, NULL, 1, '2019-05-02 03:12:54', NULL, '2019-05-02 03:12:54'),
(160, 50, 'HH-0124', 0, 'Nguyễn Thị Khánh Châu', NULL, NULL, NULL, '45,44', 1, NULL, 1, '2019-05-02 03:13:23', NULL, '2019-05-02 03:13:23'),
(161, 50, 'HH-0125', 0, 'Huỳnh Lê Mỹ Duyên', NULL, NULL, NULL, '47,46,45,44,48', 1, NULL, 1, '2019-05-02 03:13:59', NULL, '2019-05-02 03:13:59'),
(162, 50, 'HH-0126', 0, 'Bảo Anh', NULL, NULL, NULL, '47,46,44,48', 1, NULL, 1, '2019-05-02 03:15:39', NULL, '2019-05-02 03:15:39'),
(163, 50, 'HH-0127', 1, 'Trần Phúc Nguyên', NULL, NULL, NULL, '47,45,44,48', 1, NULL, 1, '2019-05-02 03:16:03', NULL, '2019-05-02 03:16:03'),
(164, 50, 'HH-0128', 0, 'Hoàng Thu Thảo', NULL, NULL, NULL, '47,45,44,48', 1, NULL, 1, '2019-05-02 03:16:38', NULL, '2019-05-02 03:16:38'),
(165, 50, 'HH-0129', 0, 'Hoài Uyên', NULL, NULL, NULL, '47,44,48', 1, NULL, 1, '2019-05-02 03:17:07', NULL, '2019-05-02 03:17:07'),
(166, 50, 'HH-0130', 1, 'Lê Hoàng Gia Bảo', NULL, NULL, NULL, '47,45,44,48', 1, NULL, 1, '2019-05-02 03:18:02', NULL, '2019-05-02 03:18:02'),
(167, 50, 'HH-0131', 1, 'Lương Tiến Minh', NULL, NULL, NULL, '47,46,45,44,48', 1, NULL, 1, '2019-05-02 03:19:08', NULL, '2019-05-02 03:19:08'),
(168, 50, 'HH-0132', 1, 'Nguyễn Viết Đức', NULL, NULL, NULL, '47,44,48', 1, NULL, 1, '2019-05-02 03:19:35', NULL, '2019-05-02 03:19:35'),
(169, 50, 'HH-0133', 0, 'Trần Thị Kim Ngân', NULL, NULL, NULL, '47,44,48', 1, NULL, 1, '2019-05-02 03:20:09', NULL, '2019-05-02 03:20:09'),
(170, 50, 'HH-0134', 0, 'Phương An', NULL, NULL, NULL, '47,45,44,48', 1, NULL, 1, '2019-05-02 03:20:40', NULL, '2019-05-02 03:20:40'),
(171, 50, 'HH-0135', 1, 'Nguyễn Gin', NULL, NULL, NULL, '45,44,48', 1, NULL, 1, '2019-05-02 03:21:07', NULL, '2019-05-02 03:21:07'),
(172, 50, 'HH-0136', 1, 'Lê Bùi Minh Vương', NULL, NULL, NULL, '45,44', 1, NULL, 1, '2019-05-02 03:21:41', NULL, '2019-05-02 03:21:41'),
(173, 50, 'HH-0137', 0, 'Gia Hân', NULL, NULL, NULL, '47,46,45,44,48', 1, NULL, 1, '2019-05-02 03:22:07', NULL, '2019-05-02 03:22:07'),
(174, 50, 'HH-0138', 1, 'Nguyễn Cảnh Minh Nhật', NULL, NULL, NULL, '47,44,48', 1, NULL, 1, '2019-05-02 03:22:51', NULL, '2019-05-02 03:22:51'),
(175, 50, 'HH-0139', 1, 'Võ Quốc Khánh', NULL, NULL, NULL, '47,46,45,44,48', 1, NULL, 1, '2019-05-02 03:23:22', NULL, '2019-05-02 03:23:22'),
(176, 50, 'HH-0140', 1, 'Võ Quốc Khoa', NULL, NULL, NULL, '47,46,45,44,48', 1, NULL, 1, '2019-05-02 03:23:47', NULL, '2019-05-02 03:23:47'),
(177, 50, 'HH-0141', 0, 'Hạ Vy', NULL, NULL, NULL, '47,45,44,48', 1, NULL, 1, '2019-05-02 03:24:08', NULL, '2019-05-02 03:24:08'),
(178, 50, 'HH-0142', 1, 'Duy Khang', NULL, NULL, NULL, '47,44,48', 1, NULL, 1, '2019-05-02 03:24:31', NULL, '2019-05-02 03:24:31'),
(179, 50, 'HH-0143', 0, 'Thảo My', NULL, NULL, NULL, '47,46,45,44,48', 1, NULL, 1, '2019-05-02 03:24:57', NULL, '2019-05-02 03:24:57'),
(180, 51, 'HH-0144', 1, 'Mai Hồng Nam', NULL, NULL, NULL, '47,46,45,44', 1, NULL, 1, '2019-05-02 03:26:52', NULL, '2019-05-02 03:26:52'),
(181, 51, 'HH-0145', 1, 'Lê Trần Gia Bảo', NULL, NULL, NULL, '47,45,48', 1, NULL, 1, '2019-05-02 03:27:21', NULL, '2019-05-02 03:27:21'),
(182, 51, 'HH-0146', 1, 'Nguyễn Đặng Anh Thái', NULL, NULL, NULL, '47,44,48', 1, NULL, 1, '2019-05-02 03:28:26', NULL, '2019-05-02 03:28:26'),
(183, 51, 'HH-0147', 0, 'Nguyễn Ngọc Nhã Vy', NULL, NULL, NULL, '47,45,44,48', 1, NULL, 1, '2019-05-02 03:28:51', NULL, '2019-05-02 03:28:51'),
(184, 51, 'HH-0148', 0, 'Lê Trịnh Hoàng Yến', NULL, NULL, NULL, '45,44', 1, NULL, 1, '2019-05-02 03:29:36', NULL, '2019-05-02 03:29:36'),
(185, 51, 'HH-0149', 1, 'Lê Đăng Khôi', NULL, NULL, NULL, '47,44,48', 1, NULL, 1, '2019-05-02 03:29:56', NULL, '2019-05-02 03:29:56'),
(186, 51, 'HH-0150', 0, 'Đinh Thái Khánh Ngân', NULL, NULL, NULL, '47,45,44,48', 1, NULL, 1, '2019-05-02 03:30:24', NULL, '2019-05-02 03:30:24'),
(187, 51, 'HH-0151', 0, 'Nguyễn Phan Ngọc Trâm', NULL, NULL, NULL, '47,45,44,48', 1, NULL, 1, '2019-05-02 03:31:05', NULL, '2019-05-02 03:31:05'),
(188, 51, 'HH-0152', 1, 'Nguyễn Thanh Hữu', NULL, NULL, NULL, '44', 1, NULL, 1, '2019-05-02 03:31:39', NULL, '2019-05-02 03:31:39'),
(189, 51, 'HH-0153', 1, 'Phạm Nguyễn Hoàng Long', NULL, NULL, NULL, '47,45,44,48', 1, NULL, 1, '2019-05-02 03:32:23', NULL, '2019-05-02 03:32:23'),
(190, 51, 'HH-0154', 1, 'Đặng Tuấn Minh', NULL, NULL, NULL, '44', 1, NULL, 1, '2019-05-02 03:32:55', NULL, '2019-05-02 03:32:55'),
(191, 51, 'HH-0155', 0, 'Huỳnh Đoàn Gia Hân', NULL, NULL, NULL, '47,45,44', 1, NULL, 1, '2019-05-02 03:33:24', NULL, '2019-05-02 03:33:24'),
(192, 51, 'HH-0156', 0, 'Nguyễn Gia Hân', NULL, NULL, NULL, '47,46,44,48', 1, NULL, 1, '2019-05-02 03:34:02', NULL, '2019-05-02 03:34:02'),
(193, 51, 'HH-0157', 0, 'Nguyễn Hồ Cẩm Hà', NULL, NULL, NULL, '47,45,44,48', 1, NULL, 1, '2019-05-02 03:34:35', NULL, '2019-05-02 03:34:35'),
(194, 51, 'HH-0158', 0, 'Lê Mỹ Duyên', NULL, NULL, NULL, '45,44', 1, NULL, 1, '2019-05-02 03:37:34', NULL, '2019-05-02 03:37:34'),
(195, 51, 'HH-0159', 1, 'Nguyễn Đức Lực', NULL, NULL, NULL, '44', 1, NULL, 1, '2019-05-02 03:37:56', NULL, '2019-05-02 03:37:56'),
(196, 51, 'HH-0160', 0, 'Ngô Mai Minh Thảo', NULL, NULL, NULL, '47,44,48,51', 1, NULL, 1, '2019-05-02 03:38:25', 1, '2019-05-18 09:36:49'),
(197, 51, 'HH-0161', 1, 'Nguyễn Hoàng Nguyên', NULL, NULL, NULL, '47,46,45,44,48', 1, NULL, 1, '2019-05-02 03:39:12', NULL, '2019-05-02 03:39:12'),
(198, 51, 'HH-0162', 1, 'Lê Văn Thiện', NULL, NULL, NULL, '44', 1, NULL, 1, '2019-05-02 03:39:33', NULL, '2019-05-02 03:39:33'),
(199, 51, 'HH-0163', 1, 'Mạc Khôi Nguyên', NULL, NULL, NULL, '47,45,44,48,51', 1, NULL, 1, '2019-05-02 03:39:56', 1, '2019-05-18 09:46:33'),
(200, 51, 'HH-0164', 0, 'Lê Nguyễn Lan Anh', NULL, NULL, NULL, '47,44,48', 1, NULL, 1, '2019-05-02 03:40:22', NULL, '2019-05-02 03:40:22'),
(201, 51, 'HH-0165', 1, 'Nguyễn Hữu Thiên', NULL, NULL, NULL, '47,44,51', 1, NULL, 1, '2019-05-02 03:41:01', 1, '2019-05-18 09:19:12'),
(202, 51, 'HH-0166', 0, 'Nguyễn Gia Hân (Sunny)', NULL, NULL, NULL, '47,44,48,51', 1, NULL, 1, '2019-05-02 03:41:36', 1, '2019-05-18 08:46:35'),
(203, 51, 'HH-0167', 1, 'Trần Trọng Nghĩa', NULL, NULL, NULL, '44,48', 1, NULL, 1, '2019-05-02 03:42:00', NULL, '2019-05-02 03:42:00'),
(204, 51, 'HH-0168', 0, 'Trần Hoàng Bảo Hân', NULL, NULL, NULL, '47,44,48', 1, NULL, 1, '2019-05-02 03:42:43', 1, '2019-05-03 01:58:42'),
(205, 51, 'HH-0169', 0, 'Nguyễn Thị Minh Anh', NULL, NULL, NULL, '47,46,45,44,48', 1, NULL, 1, '2019-05-02 03:43:15', NULL, '2019-05-02 03:43:15'),
(206, 51, 'HH-0170', 1, 'Lưu Chấm Phong', NULL, NULL, NULL, '44', 1, NULL, 1, '2019-05-02 03:43:37', NULL, '2019-05-02 03:43:37'),
(207, 51, 'HH-0171', 1, 'Nguyễn Đình Thịnh', NULL, NULL, NULL, '44', 1, NULL, 1, '2019-05-02 03:43:56', NULL, '2019-05-02 03:43:56');

-- --------------------------------------------------------

--
-- Table structure for table `hh_class`
--

DROP TABLE IF EXISTS `hh_class`;
CREATE TABLE `hh_class` (
  `id` int(11) NOT NULL,
  `code` varchar(20) NOT NULL,
  `fee` int(11) DEFAULT NULL,
  `name` varchar(20) NOT NULL,
  `description` varchar(1000) DEFAULT NULL,
  `create_by` int(11) DEFAULT NULL,
  `create_date` datetime DEFAULT NULL,
  `update_by` int(11) DEFAULT NULL,
  `update_date` datetime DEFAULT NULL
) ENGINE=MyISAM DEFAULT CHARSET=utf8;

--
-- Dumping data for table `hh_class`
--

INSERT INTO `hh_class` (`id`, `code`, `fee`, `name`, `description`, `create_by`, `create_date`, `update_by`, `update_date`) VALUES
(50, 'HH0004', 43, 'Lớp Nhỡ 2', NULL, 1, '2019-04-08 19:07:41', NULL, '2019-04-08 19:07:41'),
(49, 'HH0003', 43, 'Lớp Nhỡ 1', NULL, 1, '2019-04-08 19:07:26', NULL, '2019-04-08 19:07:26'),
(48, 'HH0002', 43, 'Lớp Bé', NULL, 1, '2019-04-08 19:07:05', NULL, '2019-04-08 19:07:05'),
(47, 'HH0001', 42, 'Lớp Trẻ', NULL, 1, '2019-04-08 19:06:40', NULL, '2019-04-08 19:06:40'),
(51, 'HH0005', 43, 'Lớp Lớn', NULL, 1, '2019-04-08 19:07:52', NULL, '2019-04-08 19:07:52');

-- --------------------------------------------------------

--
-- Table structure for table `hh_company`
--

DROP TABLE IF EXISTS `hh_company`;
CREATE TABLE `hh_company` (
  `id` int(11) NOT NULL,
  `name` varchar(500) NOT NULL,
  `description` varchar(1000) DEFAULT NULL,
  `create_by` int(11) NOT NULL,
  `create_date` datetime NOT NULL,
  `update_by` int(11) NOT NULL,
  `update_date` datetime NOT NULL
) ENGINE=MyISAM DEFAULT CHARSET=utf8;

--
-- Dumping data for table `hh_company`
--

INSERT INTO `hh_company` (`id`, `name`, `description`, `create_by`, `create_date`, `update_by`, `update_date`) VALUES
(1, 'Hoa hồng', 'hoahong@gmail.com', 0, '2018-10-17 14:46:54', 0, '2018-10-17 14:46:54');

-- --------------------------------------------------------

--
-- Table structure for table `hh_save_data`
--

DROP TABLE IF EXISTS `hh_save_data`;
CREATE TABLE `hh_save_data` (
  `id` int(11) NOT NULL,
  `child_id` varchar(20) NOT NULL,
  `dayoff` varchar(20) DEFAULT NULL,
  `discount` int(11) DEFAULT NULL,
  `month` varchar(255) DEFAULT NULL,
  `status` int(11) DEFAULT NULL,
  `description` varchar(1000) DEFAULT NULL,
  `create_by` int(11) DEFAULT NULL,
  `create_date` datetime DEFAULT NULL,
  `update_by` int(11) DEFAULT NULL,
  `update_date` datetime DEFAULT NULL
) ENGINE=MyISAM DEFAULT CHARSET=utf8;

--
-- Dumping data for table `hh_save_data`
--

INSERT INTO `hh_save_data` (`id`, `child_id`, `dayoff`, `discount`, `month`, `status`, `description`, `create_by`, `create_date`, `update_by`, `update_date`) VALUES
(101, '65', '5', NULL, '2019-04', 0, NULL, 1, '2019-05-03 07:04:31', NULL, '2019-05-03 07:04:31'),
(100, '66', '3', NULL, '2019-04', 0, NULL, 1, '2019-05-03 07:04:23', NULL, '2019-05-03 07:04:23'),
(99, '67', '3', 168000, '2019-04', 0, '14 ngày không ăn sáng', 1, '2019-05-03 07:04:08', 1, '2019-05-03 07:12:01'),
(98, '62', '15', 598000, '2019-04', 0, 'Nghỉ nửa tháng trừ tiền học phí', 1, '2019-05-03 07:03:52', 1, '2019-05-03 07:12:07'),
(97, '77', '7', NULL, '2019-04', 0, NULL, 1, '2019-05-02 16:19:23', NULL, '2019-05-02 16:19:23'),
(96, '52', '5', NULL, '2019-04', 0, NULL, 1, '2019-05-02 16:15:38', NULL, '2019-05-02 16:15:38'),
(95, '57', '5', NULL, '2019-04', 0, NULL, 1, '2019-05-02 16:13:38', NULL, '2019-05-02 16:13:38'),
(102, '59', '3', NULL, '2019-04', 0, NULL, 1, '2019-05-03 07:04:42', NULL, '2019-05-03 07:04:42'),
(103, '58', '5', NULL, '2019-04', 0, NULL, 1, '2019-05-03 07:05:02', NULL, '2019-05-03 07:05:02'),
(104, '56', '3', NULL, '2019-04', 0, NULL, 1, '2019-05-03 07:08:52', NULL, '2019-05-03 07:08:52'),
(105, '56', '3', NULL, '2019-04', 0, NULL, 1, '2019-05-03 07:08:52', NULL, '2019-05-03 07:08:52'),
(106, '48', '4', NULL, '2019-04', 0, NULL, 1, '2019-05-03 07:09:10', NULL, '2019-05-03 07:09:10'),
(107, '51', '4', NULL, '2019-04', 0, NULL, 1, '2019-05-03 07:09:31', NULL, '2019-05-03 07:09:31'),
(108, '50', '7', NULL, '2019-04', 0, NULL, 1, '2019-05-03 07:09:47', NULL, '2019-05-03 07:09:47'),
(109, '49', '4', NULL, '2019-04', 0, NULL, 1, '2019-05-03 07:09:56', NULL, '2019-05-03 07:09:56'),
(110, '47', '6', NULL, '2019-04', 0, NULL, 1, '2019-05-03 07:10:10', NULL, '2019-05-03 07:10:10'),
(111, '45', '3', NULL, '2019-04', 0, NULL, 1, '2019-05-03 07:12:21', NULL, '2019-05-03 07:12:21'),
(112, '61', '4', NULL, '2019-04', 0, NULL, 1, '2019-05-03 07:12:32', NULL, '2019-05-03 07:12:32'),
(113, '38', '3', NULL, '2019-04', 0, NULL, 1, '2019-05-03 07:12:43', NULL, '2019-05-03 07:12:43'),
(114, '39', '3', NULL, '2019-04', 0, NULL, 1, '2019-05-03 07:12:58', NULL, '2019-05-03 07:12:58'),
(115, '40', '4', NULL, '2019-04', 0, NULL, 1, '2019-05-03 07:13:09', NULL, '2019-05-03 07:13:09'),
(116, '54', '4', NULL, '2019-04', 0, NULL, 1, '2019-05-03 07:13:29', NULL, '2019-05-03 07:13:29'),
(117, '42', '9', NULL, '2019-04', 0, NULL, 1, '2019-05-03 07:13:45', NULL, '2019-05-03 07:13:45'),
(118, '53', '6', NULL, '2019-04', 0, NULL, 1, '2019-05-03 07:13:53', NULL, '2019-05-03 07:13:53'),
(119, '71', '4', NULL, '2019-04', 0, NULL, 1, '2019-05-03 07:14:02', NULL, '2019-05-03 07:14:02'),
(120, '43', '5', NULL, '2019-04', 0, NULL, 1, '2019-05-03 07:14:17', NULL, '2019-05-03 07:14:17'),
(121, '37', '4', NULL, '2019-04', 0, NULL, 1, '2019-05-03 07:14:34', NULL, '2019-05-03 07:14:34'),
(122, '68', '3', NULL, '2019-04', 0, NULL, 1, '2019-05-03 07:15:11', NULL, '2019-05-03 07:15:11'),
(123, '64', '4', NULL, '2019-04', 0, NULL, 1, '2019-05-03 07:15:26', NULL, '2019-05-03 07:15:26'),
(124, '44', '5', NULL, '2019-04', 0, NULL, 1, '2019-05-03 07:15:49', NULL, '2019-05-03 07:15:49'),
(125, '70', '3', NULL, '2019-04', 0, NULL, 1, '2019-05-03 07:16:04', NULL, '2019-05-03 07:16:04'),
(126, '55', '4', NULL, '2019-04', 0, NULL, 1, '2019-05-03 07:16:21', NULL, '2019-05-03 07:16:21'),
(127, '63', NULL, 1719000, '2019-04', 0, 'con giáo viên', 1, '2019-05-03 07:36:47', 1, '2019-05-03 07:37:46'),
(128, '78', '3', NULL, '2019-04', 0, NULL, 1, '2019-05-03 09:01:19', NULL, '2019-05-03 09:01:19'),
(129, '76', '12', NULL, '2019-04', 0, NULL, 1, '2019-05-03 09:01:25', NULL, '2019-05-03 09:01:25'),
(130, '75', '6', NULL, '2019-04', 0, NULL, 1, '2019-05-03 09:01:33', NULL, '2019-05-03 09:01:33'),
(131, '74', '12', NULL, '2019-04', 0, NULL, 1, '2019-05-03 09:01:43', NULL, '2019-05-03 09:01:43'),
(132, '73', '5', NULL, '2019-04', 0, NULL, 1, '2019-05-03 09:01:55', NULL, '2019-05-03 09:01:55'),
(133, '72', '5', 100000, '2019-04', 0, NULL, 1, '2019-05-03 09:02:05', 1, '2019-05-03 09:02:15'),
(134, '69', '4', NULL, '2019-04', 0, NULL, 1, '2019-05-03 09:02:30', NULL, '2019-05-03 09:02:30'),
(135, '60', '3', NULL, '2019-04', 0, NULL, 1, '2019-05-03 09:02:43', NULL, '2019-05-03 09:02:43'),
(136, '46', '3', NULL, '2019-04', 0, NULL, 1, '2019-05-03 09:02:54', NULL, '2019-05-03 09:02:54'),
(137, '83', '3', NULL, '2019-04', 0, NULL, 1, '2019-05-03 09:03:02', NULL, '2019-05-03 09:03:02'),
(138, '82', '4', NULL, '2019-04', 0, NULL, 1, '2019-05-03 09:03:16', NULL, '2019-05-03 09:03:16'),
(139, '81', '9', NULL, '2019-04', 0, NULL, 1, '2019-05-03 09:03:26', NULL, '2019-05-03 09:03:26'),
(140, '80', '3', NULL, '2019-04', 0, NULL, 1, '2019-05-03 09:03:36', NULL, '2019-05-03 09:03:36'),
(141, '79', '3', NULL, '2019-04', 0, NULL, 1, '2019-05-03 09:03:44', NULL, '2019-05-03 09:03:44'),
(142, '88', '3', NULL, '2019-04', 0, NULL, 1, '2019-05-03 09:03:53', NULL, '2019-05-03 09:03:53'),
(143, '87', '4', NULL, '2019-04', 0, NULL, 1, '2019-05-03 09:04:07', NULL, '2019-05-03 09:04:07'),
(144, '86', '3', NULL, '2019-04', 0, NULL, 1, '2019-05-03 09:04:18', NULL, '2019-05-03 09:04:18'),
(145, '85', '3', NULL, '2019-04', 0, NULL, 1, '2019-05-03 09:04:26', NULL, '2019-05-03 09:04:26'),
(146, '84', NULL, 1219000, '2019-04', 0, NULL, 1, '2019-05-03 09:05:34', NULL, '2019-05-03 09:05:34'),
(147, '95', '5', NULL, '2019-04', 0, NULL, 1, '2019-05-03 09:05:43', NULL, '2019-05-03 09:05:43'),
(148, '94', '3', NULL, '2019-04', 0, NULL, 1, '2019-05-03 09:05:53', NULL, '2019-05-03 09:05:53'),
(149, '93', '5', NULL, '2019-04', 0, NULL, 1, '2019-05-03 09:06:01', NULL, '2019-05-03 09:06:01'),
(150, '92', '4', NULL, '2019-04', 0, NULL, 1, '2019-05-03 09:06:08', NULL, '2019-05-03 09:06:08'),
(151, '91', '3', NULL, '2019-04', 0, NULL, 1, '2019-05-03 09:06:15', NULL, '2019-05-03 09:06:15'),
(152, '90', '5', NULL, '2019-04', 0, NULL, 1, '2019-05-03 09:06:37', NULL, '2019-05-03 09:06:37'),
(153, '89', '3', NULL, '2019-04', 0, NULL, 1, '2019-05-03 09:06:49', NULL, '2019-05-03 09:06:49'),
(154, '100', '6', NULL, '2019-04', 0, NULL, 1, '2019-05-03 09:06:59', NULL, '2019-05-03 09:06:59'),
(155, '99', NULL, 1619000, '2019-04', 0, NULL, 1, '2019-05-03 09:09:01', NULL, '2019-05-03 09:09:01'),
(156, '98', '3', NULL, '2019-04', 0, NULL, 1, '2019-05-03 09:09:40', NULL, '2019-05-03 09:09:40'),
(157, '97', '10', NULL, '2019-04', 0, NULL, 1, '2019-05-03 09:09:52', NULL, '2019-05-03 09:09:52'),
(158, '106', '3', NULL, '2019-04', 0, NULL, 1, '2019-05-03 09:13:18', NULL, '2019-05-03 09:13:18'),
(159, '105', '11', NULL, '2019-04', 0, NULL, 1, '2019-05-03 09:13:44', NULL, '2019-05-03 09:13:44'),
(160, '103', '6', NULL, '2019-04', 0, NULL, 1, '2019-05-03 09:14:12', NULL, '2019-05-03 09:14:12'),
(161, '102', '8', NULL, '2019-04', 0, NULL, 1, '2019-05-03 09:14:30', NULL, '2019-05-03 09:14:30'),
(162, '101', '3', NULL, '2019-04', 0, NULL, 1, '2019-05-03 09:15:06', NULL, '2019-05-03 09:15:06'),
(163, '96', '9', NULL, '2019-04', 0, NULL, 1, '2019-05-03 09:15:20', NULL, '2019-05-03 09:15:20'),
(164, '108', '11', NULL, '2019-04', 0, NULL, 1, '2019-05-03 09:15:37', NULL, '2019-05-03 09:15:37'),
(165, '107', '5', 468000, '2019-04', 0, NULL, 1, '2019-05-03 09:18:08', 1, '2019-05-03 09:51:52'),
(166, '104', NULL, 1619000, '2019-04', 0, NULL, 1, '2019-05-03 09:18:54', NULL, '2019-05-03 09:18:54'),
(167, '109', '4', 100000, '2019-04', 0, NULL, 1, '2019-05-03 09:19:11', 1, '2019-05-03 09:19:28'),
(168, '115', '3', NULL, '2019-04', 0, NULL, 1, '2019-05-03 10:55:16', NULL, '2019-05-03 10:55:16'),
(169, '114', '7', NULL, '2019-04', 0, NULL, 1, '2019-05-03 10:56:13', NULL, '2019-05-03 10:56:13'),
(170, '113', '4', NULL, '2019-04', 0, NULL, 1, '2019-05-03 10:56:24', NULL, '2019-05-03 10:56:24'),
(171, '112', '0', 795000, '2019-04', 0, NULL, 1, '2019-05-03 10:57:21', 1, '2019-05-03 11:15:33'),
(172, '111', '3', NULL, '2019-04', 0, NULL, 1, '2019-05-03 10:57:30', NULL, '2019-05-03 10:57:30'),
(173, '120', '3', NULL, '2019-04', 0, NULL, 1, '2019-05-03 10:57:43', NULL, '2019-05-03 10:57:43'),
(174, '119', '8', NULL, '2019-04', 0, NULL, 1, '2019-05-03 10:57:52', NULL, '2019-05-03 10:57:52'),
(175, '118', '3', NULL, '2019-04', 0, NULL, 1, '2019-05-03 10:57:59', 1, '2019-05-03 13:10:08'),
(176, '117', '5', NULL, '2019-04', 0, NULL, 1, '2019-05-03 10:58:06', NULL, '2019-05-03 10:58:06'),
(177, '116', '4', NULL, '2019-04', 0, NULL, 1, '2019-05-03 10:58:14', NULL, '2019-05-03 10:58:14'),
(178, '137', '9', NULL, '2019-04', 0, NULL, 1, '2019-05-03 10:58:25', NULL, '2019-05-03 10:58:25'),
(179, '136', '8', NULL, '2019-04', 0, NULL, 1, '2019-05-03 10:58:33', NULL, '2019-05-03 10:58:33'),
(180, '135', '4', NULL, '2019-04', 0, NULL, 1, '2019-05-03 10:58:40', NULL, '2019-05-03 10:58:40'),
(181, '134', '7', NULL, '2019-04', 0, NULL, 1, '2019-05-03 10:58:51', NULL, '2019-05-03 10:58:51'),
(182, '133', '3', NULL, '2019-04', 0, NULL, 1, '2019-05-03 10:58:58', NULL, '2019-05-03 10:58:58'),
(183, '132', '4', NULL, '2019-04', 0, NULL, 1, '2019-05-03 10:59:07', NULL, '2019-05-03 10:59:07'),
(184, '131', '5', NULL, '2019-04', 0, NULL, 1, '2019-05-03 10:59:14', NULL, '2019-05-03 10:59:14'),
(185, '130', '3', NULL, '2019-04', 0, NULL, 1, '2019-05-03 10:59:23', NULL, '2019-05-03 10:59:23'),
(186, '129', '4', NULL, '2019-04', 0, NULL, 1, '2019-05-03 10:59:32', NULL, '2019-05-03 10:59:32'),
(187, '128', '5', 216000, '2019-04', 0, NULL, 1, '2019-05-03 10:59:46', 1, '2019-05-03 11:00:00'),
(188, '127', '5', NULL, '2019-04', 0, NULL, 1, '2019-05-03 11:00:08', NULL, '2019-05-03 11:00:08'),
(189, '126', '11', NULL, '2019-04', 0, NULL, 1, '2019-05-03 11:00:15', NULL, '2019-05-03 11:00:15'),
(190, '125', '3', NULL, '2019-04', 0, NULL, 1, '2019-05-03 11:00:22', NULL, '2019-05-03 11:00:22'),
(191, '124', '8', NULL, '2019-04', 0, NULL, 1, '2019-05-03 11:00:33', NULL, '2019-05-03 11:00:33'),
(192, '123', '3', NULL, '2019-04', 0, NULL, 1, '2019-05-03 11:00:40', NULL, '2019-05-03 11:00:40'),
(193, '122', '3', NULL, '2019-04', 0, NULL, 1, '2019-05-03 11:00:49', NULL, '2019-05-03 11:00:49'),
(194, '121', '10', NULL, '2019-04', 0, NULL, 1, '2019-05-03 11:01:05', NULL, '2019-05-03 11:01:05'),
(195, '142', '7', NULL, '2019-04', 0, NULL, 1, '2019-05-03 11:01:19', NULL, '2019-05-03 11:01:19'),
(196, '141', '5', NULL, '2019-04', 0, NULL, 1, '2019-05-03 11:01:29', NULL, '2019-05-03 11:01:29'),
(197, '140', '3', NULL, '2019-04', 0, NULL, 1, '2019-05-03 11:01:39', NULL, '2019-05-03 11:01:39'),
(198, '145', '8', NULL, '2019-04', 0, NULL, 1, '2019-05-03 11:02:11', NULL, '2019-05-03 11:02:11'),
(199, '138', '7', NULL, '2019-04', 0, NULL, 1, '2019-05-03 11:02:21', NULL, '2019-05-03 11:02:21'),
(200, '144', '4', NULL, '2019-04', 0, NULL, 1, '2019-05-03 11:02:32', NULL, '2019-05-03 11:02:32'),
(201, '143', '6', NULL, '2019-04', 0, NULL, 1, '2019-05-03 11:02:40', NULL, '2019-05-03 11:02:40');

-- --------------------------------------------------------

--
-- Table structure for table `hh_total_amount`
--

DROP TABLE IF EXISTS `hh_total_amount`;
CREATE TABLE `hh_total_amount` (
  `id` int(11) NOT NULL,
  `child_id` varchar(20) NOT NULL,
  `sum_amount` int(11) DEFAULT NULL,
  `day_off` int(11) DEFAULT NULL,
  `month` varchar(255) DEFAULT NULL,
  `sunday` int(11) DEFAULT NULL,
  `discount` int(11) DEFAULT NULL,
  `status` int(11) DEFAULT NULL COMMENT '1: Đã In',
  `total_amount` int(11) DEFAULT NULL,
  `description` varchar(1000) DEFAULT NULL,
  `create_by` int(11) DEFAULT NULL,
  `create_date` datetime DEFAULT NULL,
  `update_by` int(11) DEFAULT NULL,
  `update_date` datetime DEFAULT NULL
) ENGINE=MyISAM DEFAULT CHARSET=utf8;

-- --------------------------------------------------------

--
-- Table structure for table `hh_total_sumary`
--

DROP TABLE IF EXISTS `hh_total_sumary`;
CREATE TABLE `hh_total_sumary` (
  `id` int(11) NOT NULL,
  `child_id` int(11) NOT NULL,
  `name_child` varchar(255) DEFAULT NULL,
  `name_class` varchar(255) DEFAULT NULL,
  `fee_detail` varchar(255) DEFAULT NULL,
  `price` int(11) DEFAULT NULL,
  `day_off` int(11) DEFAULT NULL,
  `discount` int(11) DEFAULT NULL,
  `amount` int(11) DEFAULT NULL,
  `month` varchar(255) DEFAULT NULL,
  `status` int(11) DEFAULT NULL,
  `description` varchar(1000) DEFAULT NULL,
  `create_by` int(11) DEFAULT NULL,
  `create_date` datetime DEFAULT NULL,
  `update_by` int(11) DEFAULT NULL,
  `update_date` datetime DEFAULT NULL
) ENGINE=MyISAM DEFAULT CHARSET=utf8;

--
-- Dumping data for table `hh_total_sumary`
--

INSERT INTO `hh_total_sumary` (`id`, `child_id`, `name_child`, `name_class`, `fee_detail`, `price`, `day_off`, `discount`, `amount`, `month`, `status`, `description`, `create_by`, `create_date`, `update_by`, `update_date`) VALUES
(46, 40, 'Minh Hoàng', 'Lớp Trẻ', '351,000; 324,000; 648,000;', 1196000, 196000, NULL, 2323000, '05-2019', 1, NULL, 1, '2019-05-03 07:22:36', NULL, '2019-05-03 07:22:36'),
(45, 39, 'Phan Minh Gia Bảo', 'Lớp Trẻ', '648,000; 324,000;', 1196000, 108000, NULL, 2060000, '05-2019', 1, NULL, 1, '2019-05-03 07:21:45', NULL, '2019-05-03 07:21:45'),
(43, 37, 'Nguyễn Thanh Minh Khánh', 'Lớp Trẻ', '351,000; 324,000; 648,000;', 1196000, 196000, NULL, 2323000, '05-2019', 1, NULL, 1, '2019-05-03 07:19:40', 1, '2019-05-03 07:20:14'),
(44, 38, 'Lê Quang Gia Bảo', 'Lớp Trẻ', '648,000; 324,000;', 1196000, 108000, NULL, 2060000, '05-2019', 1, NULL, 1, '2019-05-03 07:21:21', NULL, '2019-05-03 07:21:21'),
(42, 77, 'Nguyễn Phương Anh', 'Lớp Bé', '351,000; 324,000; 648,000;', 1096000, 343000, NULL, 2138400, '05-2019', 1, NULL, 1, '2019-05-02 16:22:05', 1, '2019-05-18 16:48:40'),
(47, 41, 'Huỳnh Nguyên Bảo', 'Lớp Trẻ', '648,000;', 1196000, 0, NULL, 1844000, '05-2019', 1, NULL, 1, '2019-05-03 07:23:31', NULL, '2019-05-03 07:23:31'),
(48, 42, 'Nguyễn Anh thư', 'Lớp Trẻ', '648,000; 324,000;', 1196000, 324000, NULL, 1844000, '05-2019', 1, NULL, 1, '2019-05-03 07:24:03', NULL, '2019-05-03 07:24:03'),
(49, 43, 'Mai Huỳnh Thảo Nguyên', 'Lớp Trẻ', '351,000; 324,000; 648,000;', 1196000, 245000, NULL, 2274000, '05-2019', 1, NULL, 1, '2019-05-03 07:24:39', NULL, '2019-05-03 07:24:39'),
(50, 44, 'Lê Phương Linh', 'Lớp Trẻ', '648,000; 324,000;', 1196000, 180000, NULL, 1988000, '05-2019', 1, NULL, 1, '2019-05-03 07:25:03', NULL, '2019-05-03 07:25:03'),
(51, 45, 'Phan Đình Trung', 'Lớp Trẻ', '351,000; 324,000; 648,000;', 1196000, 147000, NULL, 2372000, '05-2019', 1, NULL, 1, '2019-05-03 07:25:28', NULL, '2019-05-03 07:25:28'),
(52, 47, 'Phan Ngọc Nhã Quyên', 'Lớp Trẻ', '648,000; 324,000;', 1196000, 216000, NULL, 1952000, '05-2019', 1, NULL, 1, '2019-05-03 07:25:49', NULL, '2019-05-03 07:25:49'),
(53, 48, 'Nguyễn Phạm Hoàng Phúc', 'Lớp Trẻ', '351,000; 324,000; 648,000;', 1196000, 196000, NULL, 2323000, '05-2019', 1, NULL, 1, '2019-05-03 07:26:29', NULL, '2019-05-03 07:26:29'),
(54, 49, 'Ngô Nhật Thịnh', 'Lớp Trẻ', '648,000; 324,000;', 1196000, 144000, NULL, 2024000, '05-2019', 1, NULL, 1, '2019-05-03 07:26:58', NULL, '2019-05-03 07:26:58'),
(55, 50, 'Huỳnh Chí Cường', 'Lớp Trẻ', '648,000;', 1196000, 168000, NULL, 1676000, '05-2019', 1, NULL, 1, '2019-05-03 07:27:21', NULL, '2019-05-03 07:27:21'),
(56, 51, 'Nguyễn Thanh Thảo', 'Lớp Trẻ', '648,000;', 1196000, 96000, NULL, 1748000, '05-2019', 1, NULL, 1, '2019-05-03 07:28:07', NULL, '2019-05-03 07:28:07'),
(57, 52, 'Nguyễn Thị Phương Hảo', 'Lớp Trẻ', '351,000; 324,000; 648,000;', 1196000, 245000, NULL, 2274000, '05-2019', 1, NULL, 1, '2019-05-03 07:28:29', NULL, '2019-05-03 07:28:29'),
(58, 53, 'Nguyễn Anh Duy', 'Lớp Trẻ', '351,000; 324,000; 648,000;', 1196000, 294000, NULL, 2225000, '05-2019', 1, NULL, 1, '2019-05-03 07:28:49', NULL, '2019-05-03 07:28:49'),
(59, 54, 'Phan Quang Khải', 'Lớp Trẻ', '648,000; 324,000;', 1196000, 144000, NULL, 2024000, '05-2019', 1, NULL, 1, '2019-05-03 07:29:18', NULL, '2019-05-03 07:29:18'),
(60, 55, 'Phạm Nguyệt Ánh', 'Lớp Trẻ', '648,000; 324,000;', 1196000, 144000, NULL, 2024000, '05-2019', 1, NULL, 1, '2019-05-03 07:29:40', NULL, '2019-05-03 07:29:40'),
(61, 56, 'Đỗ Ngọc Phương Trâm', 'Lớp Trẻ', '351,000; 324,000; 648,000;', 1196000, 147000, NULL, 2372000, '05-2019', 1, NULL, 1, '2019-05-03 07:30:08', NULL, '2019-05-03 07:30:08'),
(62, 57, 'Lê Bá Thiên Ân', 'Lớp Trẻ', '648,000; 351,000;', 1196000, 185000, NULL, 2010000, '05-2019', 1, NULL, 1, '2019-05-03 07:30:30', NULL, '2019-05-03 07:30:30'),
(63, 58, 'Nguyễn Trần Bảo Nguyên', 'Lớp Trẻ', '351,000; 324,000; 648,000;', 1196000, 245000, NULL, 2274000, '05-2019', 1, NULL, 1, '2019-05-03 07:31:03', NULL, '2019-05-03 07:31:03'),
(64, 59, 'Hà Đăng Khoa', 'Lớp Trẻ', '351,000; 324,000; 648,000;', 1196000, 147000, NULL, 2372000, '05-2019', 1, NULL, 1, '2019-05-03 07:31:33', NULL, '2019-05-03 07:31:33'),
(65, 61, 'Ngô Hoàng Trung', 'Lớp Trẻ', '351,000; 324,000; 648,000;', 1196000, 196000, NULL, 2323000, '05-2019', 1, NULL, 1, '2019-05-03 07:31:54', NULL, '2019-05-03 07:31:54'),
(66, 62, 'Nguyễn Ngọc Thiên Phúc', 'Lớp Trẻ', '648,000;', 1196000, 360000, 598000, 886000, '05-2019', 1, NULL, 1, '2019-05-03 07:33:56', NULL, '2019-05-03 07:33:56'),
(67, 71, 'Huỳnh Tấn Tài', 'Lớp Trẻ', '648,000; 351,000;', 1196000, 148000, NULL, 2047000, '05-2019', 1, NULL, 1, '2019-05-03 07:38:02', NULL, '2019-05-03 07:38:02'),
(68, 70, 'Trần Phúc Thiên', 'Lớp Trẻ', '648,000; 324,000;', 1196000, 108000, NULL, 2060000, '05-2019', 1, NULL, 1, '2019-05-03 07:38:34', NULL, '2019-05-03 07:38:34'),
(69, 68, 'Hồ Ngọc An Thường', 'Lớp Trẻ', '648,000;', 1196000, 72000, NULL, 1772000, '05-2019', 1, NULL, 1, '2019-05-03 07:38:54', 1, '2019-05-03 13:20:46'),
(70, 67, 'Nguyễn Minh Hiếu', 'Lớp Trẻ', '648,000; 324,000;', 1196000, 108000, 168000, 1892000, '05-2019', 1, NULL, 1, '2019-05-03 07:39:16', 1, '2019-05-03 16:47:52'),
(71, 66, 'Phạm Ngọc Thiện', 'Lớp Trẻ', '648,000; 324,000;', 1196000, 108000, NULL, 2060000, '05-2019', 1, NULL, 1, '2019-05-03 07:39:39', NULL, '2019-05-03 07:39:39'),
(72, 65, 'Trần Hà Như', 'Lớp Trẻ', '351,000; 324,000; 648,000;', 1196000, 245000, NULL, 2274000, '05-2019', 1, NULL, 1, '2019-05-03 07:40:05', NULL, '2019-05-03 07:40:05'),
(73, 64, 'Phùng Gia Bảo', 'Lớp Trẻ', '351,000; 324,000; 648,000;', 1196000, 196000, NULL, 2323000, '05-2019', 1, NULL, 1, '2019-05-03 07:40:26', NULL, '2019-05-03 07:40:26'),
(74, 63, 'Trần Nguyễn Thảo An', 'Lớp Trẻ', '351,000; 324,000; 648,000;', 1196000, 0, 1719000, 800000, '05-2019', 1, NULL, 1, '2019-05-03 07:41:06', NULL, '2019-05-03 07:41:06'),
(75, 46, 'Đặng Quốc Đạt', 'Lớp Bé', '351,000; 324,000; 648,000;', 1096000, 147000, NULL, 2272000, '05-2019', 1, NULL, 1, '2019-05-03 09:23:07', NULL, '2019-05-03 09:23:07'),
(76, 60, 'Trần Bảo Minh', 'Lớp Bé', '351,000; 324,000; 648,000;', 1096000, 147000, NULL, 2272000, '05-2019', 1, NULL, 1, '2019-05-03 09:23:29', NULL, '2019-05-03 09:23:29'),
(77, 69, 'Ngô Nguyên Gia Bảo', 'Lớp Bé', '648,000;', 1096000, 96000, NULL, 1648000, '05-2019', 1, NULL, 1, '2019-05-03 09:24:07', NULL, '2019-05-03 09:24:07'),
(78, 72, 'Nguyễn Hoàng Xuân Nguyên', 'Lớp Bé', '648,000; 324,000;', 1096000, 180000, 100000, 1788000, '05-2019', 1, NULL, 1, '2019-05-03 09:24:43', NULL, '2019-05-03 09:24:43'),
(79, 73, 'Nguyễn Hoàng Thư', 'Lớp Bé', '648,000; 324,000;', 1096000, 180000, NULL, 1888000, '05-2019', 1, NULL, 1, '2019-05-03 09:24:52', NULL, '2019-05-03 09:24:52'),
(80, 74, 'Nguyễn Trần Phúc Thịnh', 'Lớp Bé', '648,000;', 1096000, 288000, NULL, 1456000, '05-2019', 1, NULL, 1, '2019-05-03 09:25:15', NULL, '2019-05-03 09:25:15'),
(81, 75, 'Hồ Nguyễn Thanh Thanh', 'Lớp Bé', '648,000; 324,000;', 1096000, 216000, NULL, 1852000, '05-2019', 1, NULL, 1, '2019-05-03 09:25:32', NULL, '2019-05-03 09:25:32'),
(82, 76, 'Phan Phú Gia Bảo', 'Lớp Bé', '648,000; 324,000;', 1096000, 432000, NULL, 1636000, '05-2019', 1, NULL, 1, '2019-05-03 09:26:03', NULL, '2019-05-03 09:26:03'),
(83, 78, 'Trà Lê Minh Quân', 'Lớp Bé', '648,000;', 1096000, 72000, NULL, 1672000, '05-2019', 1, NULL, 1, '2019-05-03 09:26:20', NULL, '2019-05-03 09:26:20'),
(84, 79, 'Khúc Khải An', 'Lớp Bé', '648,000; 324,000;', 1096000, 108000, NULL, 1960000, '05-2019', 1, NULL, 1, '2019-05-03 09:26:50', NULL, '2019-05-03 09:26:50'),
(85, 80, 'Trần Nguyễn Tuyết Anh', 'Lớp Bé', '648,000; 324,000;', 1096000, 108000, NULL, 1960000, '05-2019', 1, NULL, 1, '2019-05-03 09:27:12', NULL, '2019-05-03 09:27:12'),
(86, 81, 'Hồ Tùng Anh', 'Lớp Bé', '648,000; 324,000;', 1096000, 324000, NULL, 1744000, '05-2019', 1, NULL, 1, '2019-05-03 09:27:37', NULL, '2019-05-03 09:27:37'),
(87, 82, 'Đặng Lê Khánh Đan', 'Lớp Bé', '648,000; 324,000;', 1096000, 144000, NULL, 1924000, '05-2019', 1, NULL, 1, '2019-05-03 09:27:45', NULL, '2019-05-03 09:27:45'),
(88, 83, 'Ngô Bảo Ngọc', 'Lớp Bé', '351,000; 324,000; 648,000;', 1096000, 147000, NULL, 2272000, '05-2019', 1, NULL, 1, '2019-05-03 09:28:32', NULL, '2019-05-03 09:28:32'),
(89, 84, 'Cao Khả Minh Triết', 'Lớp Bé', '351,000; 324,000; 648,000;', 1096000, 0, 1219000, 1200000, '05-2019', 1, NULL, 1, '2019-05-03 09:28:47', 1, '2019-05-03 16:48:07'),
(90, 85, 'Tạ Linh Khuê', 'Lớp Bé', '648,000; 324,000;', 1096000, 108000, NULL, 1960000, '05-2019', 1, NULL, 1, '2019-05-03 09:29:11', NULL, '2019-05-03 09:29:11'),
(91, 86, 'Võ An Thái', 'Lớp Bé', '648,000; 324,000;', 1096000, 108000, NULL, 1960000, '05-2019', 1, NULL, 1, '2019-05-03 09:29:21', 1, '2019-05-03 16:39:20'),
(92, 87, 'Nguyễn Ngọc Minh Uyên', 'Lớp Bé', '648,000; 324,000;', 1096000, 144000, NULL, 1924000, '05-2019', 1, NULL, 1, '2019-05-03 09:30:01', NULL, '2019-05-03 09:30:01'),
(93, 88, 'Cai Cát Ý Như', 'Lớp Bé', '648,000; 324,000;', 1096000, 108000, NULL, 1960000, '05-2019', 1, NULL, 1, '2019-05-03 09:30:35', NULL, '2019-05-03 09:30:35'),
(94, 89, 'Nguyễn Ngọc Hải Yến', 'Lớp Bé', '648,000; 324,000;', 1096000, 108000, NULL, 1960000, '05-2019', 1, NULL, 1, '2019-05-03 09:30:58', NULL, '2019-05-03 09:30:58'),
(95, 90, 'Nguyễn Mai Trinh', 'Lớp Bé', '648,000; 324,000;', 1096000, 180000, NULL, 1888000, '05-2019', 1, NULL, 1, '2019-05-03 09:31:20', NULL, '2019-05-03 09:31:20'),
(96, 91, 'Trần Thị Nhã Phương', 'Lớp Bé', '648,000; 324,000;', 1096000, 108000, NULL, 1960000, '05-2019', 1, NULL, 1, '2019-05-03 09:31:45', NULL, '2019-05-03 09:31:45'),
(97, 92, 'Trần Trung Kiên', 'Lớp Bé', '648,000; 324,000;', 1096000, 144000, NULL, 1924000, '05-2019', 1, NULL, 1, '2019-05-03 09:32:01', NULL, '2019-05-03 09:32:01'),
(98, 93, 'Bùi Viết Minh Khoa', 'Lớp Bé', '648,000; 324,000;', 1096000, 180000, NULL, 1888000, '05-2019', 1, NULL, 1, '2019-05-03 09:32:48', 1, '2019-05-03 16:38:56'),
(99, 94, 'Lê Đình Phú Trọng', 'Lớp Bé', '648,000;', 1096000, 72000, NULL, 1672000, '05-2019', 1, NULL, 1, '2019-05-03 09:33:18', 1, '2019-05-03 16:38:58'),
(100, 95, 'Nguyễn Khánh Ngọc', 'Lớp Bé', '648,000;', 1096000, 120000, NULL, 1624000, '05-2019', 1, NULL, 1, '2019-05-03 09:33:37', NULL, '2019-05-03 09:33:37'),
(101, 96, 'Nguyễn Việt Dũng', 'Lớp Bé', '648,000; 324,000;', 1096000, 324000, NULL, 1744000, '05-2019', 1, NULL, 1, '2019-05-03 09:34:02', NULL, '2019-05-03 09:34:02'),
(102, 97, 'Nguyễn Khánh Quỳnh', 'Lớp Bé', '648,000; 324,000;', 1096000, 360000, NULL, 1708000, '05-2019', 1, NULL, 1, '2019-05-03 09:34:29', NULL, '2019-05-03 09:34:29'),
(103, 98, 'Đặng Tuấn Phước', 'Lớp Bé', '648,000;', 1096000, 72000, NULL, 1672000, '05-2019', 1, NULL, 1, '2019-05-03 09:35:35', 1, '2019-05-03 09:39:11'),
(104, 99, 'Nguyễn Trần Thảo Trang', 'Lớp Bé', '351,000; 324,000; 648,000;', 1096000, 0, 1619000, 800000, '05-2019', 1, NULL, 1, '2019-05-03 09:39:48', NULL, '2019-05-03 09:39:48'),
(105, 100, 'Đào Ngọc Anh Khoa', 'Lớp Bé', '648,000; 351,000;', 1096000, 222000, NULL, 1873000, '05-2019', 1, NULL, 1, '2019-05-03 09:40:07', NULL, '2019-05-03 09:40:07'),
(106, 101, 'Nguyễn Quỳnh Anh Vy', 'Lớp Bé', '648,000; 324,000;', 1096000, 108000, NULL, 1960000, '05-2019', 1, NULL, 1, '2019-05-03 09:40:35', NULL, '2019-05-03 09:40:35'),
(107, 102, 'Nguyễn Tiến Phong', 'Lớp Bé', '648,000;', 1096000, 192000, NULL, 1552000, '05-2019', 1, NULL, 1, '2019-05-03 09:42:49', NULL, '2019-05-03 09:42:49'),
(108, 103, 'Hồ Nhật Minh', 'Lớp Bé', '648,000;', 1096000, 144000, NULL, 1600000, '05-2019', 1, NULL, 1, '2019-05-03 09:43:08', NULL, '2019-05-03 09:43:08'),
(109, 104, 'Lê Văn Trọng', 'Lớp Bé', '351,000; 324,000; 648,000;', 1096000, 0, 1619000, 800000, '05-2019', 1, NULL, 1, '2019-05-03 09:43:26', 1, '2019-05-03 16:38:43'),
(110, 105, 'Đan Như', 'Lớp Bé', '648,000;', 1096000, 264000, NULL, 1480000, '05-2019', 1, NULL, 1, '2019-05-03 09:43:42', NULL, '2019-05-03 09:43:42'),
(111, 106, 'Huỳnh Minh Cát Vy', 'Lớp Bé', '351,000; 324,000; 648,000;', 1096000, 147000, NULL, 2272000, '05-2019', 1, NULL, 1, '2019-05-03 09:44:02', NULL, '2019-05-03 09:44:02'),
(112, 107, 'Huỳnh Phạm Khánh Ly', 'Lớp Bé', '351,000; 324,000; 648,000;', 1096000, 180000, 468000, 1420000, '05-2019', 1, NULL, 1, '2019-05-03 09:44:36', 1, '2019-05-03 16:38:50'),
(113, 108, 'Trần Gia Phú', 'Lớp Bé', '648,000;', 1096000, 264000, NULL, 1480000, '05-2019', 1, NULL, 1, '2019-05-03 09:52:58', NULL, '2019-05-03 09:52:58'),
(114, 109, 'Nguyễn Viết Sang', 'Lớp Bé', '648,000; 324,000;', 1096000, 144000, 100000, 1824000, '05-2019', 1, NULL, 1, '2019-05-03 09:53:18', 1, '2019-05-03 16:43:00'),
(115, 110, 'Phan Thanh Hà', 'Lớp Bé', '648,000; 324,000;', 1096000, 0, NULL, 2068000, '05-2019', 1, NULL, 1, '2019-05-03 09:53:38', 1, '2019-05-03 16:41:40'),
(116, 111, 'Trương Gia Bảo', 'Lớp Nhỡ 1', '351,000; 648,000; 60,000; 60,000;', 1096000, 111000, NULL, 2104000, '05-2019', 1, NULL, 1, '2019-05-03 11:04:02', 1, '2019-05-03 11:10:40'),
(117, 112, 'Phạm Hoàng Khánh nguyên', 'Lớp Nhỡ 1', '648,000; 351,000;', 1096000, 0, 795000, 1300000, '05-2019', 1, NULL, 1, '2019-05-03 11:05:48', 1, '2019-05-03 13:14:18'),
(118, 113, 'Cao Bảo Ngân', 'Lớp Nhỡ 1', '324,000; 648,000; 60,000; 60,000;', 1096000, 144000, NULL, 2044000, '05-2019', 1, NULL, 1, '2019-05-03 11:18:52', NULL, '2019-05-03 11:18:52'),
(119, 114, 'Đặng Du Lạc Hy', 'Lớp Nhỡ 1', '648,000; 60,000; 60,000;', 1096000, 168000, NULL, 1696000, '05-2019', 1, NULL, 1, '2019-05-03 11:19:23', NULL, '2019-05-03 11:19:23'),
(120, 115, 'Nguyễn Ngọc Cát Tiên', 'Lớp Nhỡ 1', '324,000; 648,000; 60,000; 60,000;', 1096000, 108000, NULL, 2080000, '05-2019', 1, NULL, 1, '2019-05-03 11:19:49', NULL, '2019-05-03 11:19:49'),
(121, 116, 'Phan Trần Phương Thảo', 'Lớp Nhỡ 1', '324,000; 648,000; 60,000; 60,000;', 1096000, 144000, NULL, 2044000, '05-2019', 1, NULL, 1, '2019-05-03 11:20:13', NULL, '2019-05-03 11:20:13'),
(122, 117, 'Nguyễn Anh Thư', 'Lớp Nhỡ 1', '324,000; 648,000; 60,000;', 1096000, 180000, NULL, 1948000, '05-2019', 1, NULL, 1, '2019-05-03 11:20:39', NULL, '2019-05-03 11:20:39'),
(124, 118, 'Phan Nguyễn Hoàng Duy', 'Lớp Nhỡ 1', '648,000;', 1096000, 72000, NULL, 1792000, '05-2019', 1, NULL, 1, '2019-05-03 14:02:19', 1, '2019-05-03 16:15:18'),
(125, 119, 'Đinh Bảo Minh', 'Lớp Nhỡ 1', '648,000; 60,000;', 1096000, 192000, NULL, 1552000, '05-2019', 1, NULL, 1, '2019-05-03 14:36:34', NULL, '2019-05-03 14:36:34'),
(126, 138, 'Nguyễn Bình Minh', 'Lớp Nhỡ 1', '648,000; 60,000; 60,000;', 1096000, 168000, NULL, 1696000, '05-2019', 1, NULL, 1, '2019-05-03 15:23:21', 1, '2019-05-03 16:37:59'),
(127, 137, 'Đặng Minh Khiêm', 'Lớp Nhỡ 1', '648,000;', 1096000, 216000, NULL, 1528000, '05-2019', 1, NULL, 1, '2019-05-03 15:25:29', NULL, '2019-05-03 15:25:29'),
(128, 122, 'Nguyễn Thị Xuân Bình', 'Lớp Nhỡ 1', '324,000; 648,000; 60,000; 60,000;', 1096000, 108000, NULL, 2080000, '05-2019', 1, NULL, 1, '2019-05-03 16:37:48', 1, '2019-05-03 16:38:06'),
(129, 205, 'Nguyễn Thị Minh Anh', 'Lớp Lớn', '351,000; 324,000; 648,000; 60,000; 60,000;', 1096000, 0, NULL, 2539000, '05-2019', 1, NULL, 1, '2019-05-03 16:48:39', NULL, '2019-05-03 16:48:39'),
(130, 197, 'Nguyễn Hoàng Nguyên', 'Lớp Lớn', '351,000; 324,000; 648,000; 60,000; 60,000;', 1096000, 0, NULL, 2539000, '05-2019', 1, NULL, 1, '2019-05-03 16:49:05', NULL, '2019-05-03 16:49:05'),
(131, 146, 'Nguyễn Trần Việt Anh', 'Lớp Nhỡ 1', '648,000; 324,000;', 1096000, 0, NULL, 2068000, '05-2019', 1, NULL, 1, '2019-05-03 16:58:42', NULL, '2019-05-03 16:58:42'),
(132, 145, 'Ngô Hoàng Linh', 'Lớp Nhỡ 1', '648,000;', 1096000, 192000, NULL, 1552000, '05-2019', 1, NULL, 1, '2019-05-03 16:58:51', NULL, '2019-05-03 16:58:51'),
(133, 144, 'Nguyễn Phúc Dương', 'Lớp Nhỡ 1', '324,000; 648,000; 60,000; 60,000;', 1096000, 144000, NULL, 2044000, '05-2019', 1, NULL, 1, '2019-05-03 16:58:54', NULL, '2019-05-03 16:58:54'),
(134, 143, 'Phạm Đăng Khôi', 'Lớp Nhỡ 1', '351,000; 324,000; 648,000;', 1096000, 294000, NULL, 2125000, '05-2019', 1, NULL, 1, '2019-05-03 16:58:59', NULL, '2019-05-03 16:58:59'),
(135, 141, 'Trần Đoàn Ngân Hà', 'Lớp Nhỡ 1', '324,000; 648,000; 60,000; 60,000;', 1096000, 180000, NULL, 2008000, '05-2019', 1, NULL, 1, '2019-05-03 16:59:45', 1, '2019-05-03 17:00:27'),
(136, 142, 'Phạm Bảo Ngọc', 'Lớp Nhỡ 1', '351,000; 324,000; 648,000;', 1096000, 343000, NULL, 2076000, '05-2019', 1, NULL, 1, '2019-05-03 16:59:48', NULL, '2019-05-03 16:59:48'),
(137, 140, 'Mai Cao Khánh Vân', 'Lớp Nhỡ 1', '324,000; 648,000; 60,000; 60,000;', 1096000, 108000, NULL, 2080000, '05-2019', 1, NULL, 1, '2019-05-03 16:59:53', NULL, '2019-05-03 16:59:53'),
(138, 139, 'Lê Tự An Khang', 'Lớp Nhỡ 1', '648,000;', 1096000, 0, NULL, 1744000, '05-2019', 1, NULL, 1, '2019-05-03 16:59:56', NULL, '2019-05-03 16:59:56'),
(139, 136, 'Mai Hoàng Quân', 'Lớp Nhỡ 1', '648,000; 324,000;', 1096000, 288000, NULL, 1780000, '05-2019', 1, NULL, 1, '2019-05-03 16:59:58', NULL, '2019-05-03 16:59:58'),
(140, 135, 'Ngô Bảo Trân', 'Lớp Nhỡ 1', '648,000;', 1096000, 96000, NULL, 1648000, '05-2019', 1, NULL, 1, '2019-05-03 17:00:00', NULL, '2019-05-03 17:00:00'),
(141, 207, 'Nguyễn Đình Thịnh', 'Lớp Lớn', '648,000;', 1096000, 0, NULL, 1744000, '05-2019', 2, NULL, 1, '2019-05-09 08:50:07', 1, '2019-05-09 01:50:21'),
(142, 206, 'Lưu Chấm Phong', 'Lớp Lớn', '648,000;', 1096000, 0, NULL, 1744000, '05-2019', 2, NULL, 1, '2019-05-09 08:50:12', 1, '2019-05-09 01:50:23'),
(143, 203, 'Trần Trọng Nghĩa', 'Lớp Lớn', '648,000; 60,000;', 1096000, 0, NULL, 1804000, '05-2019', 2, NULL, 1, '2019-05-09 08:50:15', 1, '2019-05-09 01:50:24'),
(144, 204, 'Trần Hoàng Bảo Hân', 'Lớp Lớn', '648,000; 60,000; 60,000;', 1096000, 0, NULL, 1864000, '05-2019', 1, NULL, 1, '2019-05-18 15:11:44', NULL, '2019-05-18 15:11:44'),
(145, 202, 'Nguyễn Gia Hân (Sunny)', 'Lớp Lớn', '648,000; 60,000; 60,000; 66,300;', 1096000, 0, NULL, 1930300, '05-2019', 1, NULL, 1, '2019-05-18 16:01:44', NULL, '2019-05-18 16:01:44'),
(146, 201, 'Nguyễn Hữu Thiên', 'Lớp Lớn', '648,000; 60,000; 66,300;', 1096000, 0, NULL, 1866400, '05-2019', 1, NULL, 1, '2019-05-18 16:19:24', 1, '2019-05-18 16:30:48'),
(147, 200, 'Lê Nguyễn Lan Anh', 'Lớp Lớn', '648,000; 60,000; 60,000;', 1096000, 0, NULL, 1864000, '05-2019', 1, NULL, 1, '2019-05-18 16:32:52', 1, '2019-05-18 16:33:32'),
(148, 199, 'Mạc Khôi Nguyên', 'Lớp Lớn', '324,000; 648,000; 60,000; 60,000;', 1096000, 0, NULL, 2250400, '05-2019', 1, NULL, 1, '2019-05-18 16:34:52', 1, '2019-05-18 16:47:40'),
(149, 198, 'Lê Văn Thiện', 'Lớp Lớn', '648,000;', 1096000, 0, NULL, 1744000, '05-2019', 1, NULL, 1, '2019-05-18 16:36:16', NULL, '2019-05-18 16:36:16'),
(150, 196, 'Ngô Mai Minh Thảo', 'Lớp Lớn', '648,000; 60,000; 60,000; 62,400;', 1096000, 0, NULL, 1926400, '05-2019', 1, NULL, 1, '2019-05-18 16:36:58', NULL, '2019-05-18 16:36:58'),
(151, 195, 'Nguyễn Đức Lực', 'Lớp Lớn', '648,000;', 1096000, 0, NULL, 1744000, '05-2019', 1, NULL, 1, '2019-05-18 16:58:08', NULL, '2019-05-18 16:58:08');

-- --------------------------------------------------------

--
-- Table structure for table `hh_type_cost`
--

DROP TABLE IF EXISTS `hh_type_cost`;
CREATE TABLE `hh_type_cost` (
  `id` int(11) NOT NULL,
  `code` varchar(20) DEFAULT NULL,
  `rollback` int(11) DEFAULT NULL COMMENT '1: Tiền không trừ, 2: Tiền sẽ trừ',
  `date_apply` int(11) DEFAULT NULL,
  `is_cost` int(11) DEFAULT NULL COMMENT '1: Tiền không trừ, 2: Tiền sẽ trừ',
  `name` varchar(255) DEFAULT NULL,
  `other` int(11) DEFAULT NULL,
  `company_id` int(11) DEFAULT NULL,
  `price` double DEFAULT NULL,
  `description` varchar(1000) DEFAULT NULL,
  `create_by` int(11) DEFAULT NULL,
  `create_date` datetime DEFAULT NULL,
  `update_by` int(11) DEFAULT NULL,
  `update_date` datetime DEFAULT NULL
) ENGINE=MyISAM DEFAULT CHARSET=utf8;

--
-- Dumping data for table `hh_type_cost`
--

INSERT INTO `hh_type_cost` (`id`, `code`, `rollback`, `date_apply`, `is_cost`, `name`, `other`, `company_id`, `price`, `description`, `create_by`, `create_date`, `update_by`, `update_date`) VALUES
(47, 'HH_COST_0006', 0, NULL, 0, 'Tiền Erobic', 0, 2, 60000, NULL, 1, '2019-04-08 19:04:59', NULL, '2019-04-08 19:04:59'),
(46, 'HH_COST_0005', 1, NULL, 0, 'Tiền ăn tối', 0, 2, 13000, NULL, 1, '2019-04-08 19:04:07', 1, '2019-04-08 19:06:02'),
(45, 'HH_COST_0004', 1, NULL, 0, 'Tiền ăn sáng', 0, 2, 12000, NULL, 1, '2019-04-08 19:03:51', 1, '2019-04-08 19:05:49'),
(44, 'HH_COST_0003', 1, NULL, 0, 'Tiền ăn', 0, 2, 24000, NULL, 1, '2019-04-08 19:03:31', 1, '2019-04-08 19:05:38'),
(43, 'HH_COST_0002', 0, NULL, 1, 'Học phí 2', 0, 2, 1096000, NULL, 1, '2019-04-08 19:02:32', NULL, '2019-04-08 19:02:32'),
(42, 'HH_COST_0001', 0, NULL, 1, 'Học phí 1', 0, 2, 1196000, 'Học phí', 1, '2019-04-08 19:02:12', NULL, '2019-04-08 19:02:12'),
(48, 'HH_COST_0007', 0, NULL, 0, 'Tiền Tiếng Anh', 0, 2, 60000, NULL, 1, '2019-04-08 19:05:25', NULL, '2019-04-08 19:05:25'),
(51, 'HH_COST_0008', 0, 16, 0, 'Tiền sữa', 1, 2, 3900, NULL, 1, '2019-05-18 15:09:30', 1, '2019-05-18 16:21:56');

-- --------------------------------------------------------

--
-- Table structure for table `users`
--

DROP TABLE IF EXISTS `users`;
CREATE TABLE `users` (
  `id` int(10) UNSIGNED NOT NULL,
  `company_id` int(11) NOT NULL,
  `department_id` int(10) UNSIGNED NOT NULL,
  `code` varchar(255) COLLATE utf8_unicode_ci NOT NULL,
  `fullname` varchar(255) COLLATE utf8_unicode_ci NOT NULL,
  `username` varchar(255) COLLATE utf8_unicode_ci NOT NULL,
  `email` varchar(191) COLLATE utf8_unicode_ci NOT NULL,
  `password` varchar(255) COLLATE utf8_unicode_ci NOT NULL,
  `remember_token` varchar(100) COLLATE utf8_unicode_ci DEFAULT NULL,
  `position` varchar(255) COLLATE utf8_unicode_ci DEFAULT NULL,
  `mobile` varchar(255) COLLATE utf8_unicode_ci DEFAULT NULL,
  `manager_assign` tinyint(4) DEFAULT NULL,
  `permission` tinyint(4) DEFAULT NULL,
  `persional_id` int(11) DEFAULT NULL,
  `home` tinyint(4) DEFAULT NULL,
  `task` tinyint(4) DEFAULT NULL,
  `language` tinyint(4) DEFAULT NULL,
  `changepass` datetime DEFAULT NULL,
  `resetpass` tinyint(4) DEFAULT NULL,
  `locked` tinyint(4) DEFAULT NULL,
  `orderby` int(11) DEFAULT NULL,
  `lastvisited` datetime DEFAULT NULL,
  `menu` varchar(255) COLLATE utf8_unicode_ci DEFAULT NULL,
  `create_by` int(11) DEFAULT NULL,
  `update_by` int(11) DEFAULT NULL,
  `created_date` datetime DEFAULT NULL,
  `updated_date` datetime DEFAULT NULL,
  `status` int(11) DEFAULT NULL,
  `birthday` date DEFAULT NULL,
  `sex` int(11) DEFAULT NULL,
  `description` varchar(255) COLLATE utf8_unicode_ci DEFAULT NULL,
  `ismanager` int(11) DEFAULT NULL
) ENGINE=InnoDB DEFAULT CHARSET=utf8 COLLATE=utf8_unicode_ci;

--
-- Dumping data for table `users`
--

INSERT INTO `users` (`id`, `company_id`, `department_id`, `code`, `fullname`, `username`, `email`, `password`, `remember_token`, `position`, `mobile`, `manager_assign`, `permission`, `persional_id`, `home`, `task`, `language`, `changepass`, `resetpass`, `locked`, `orderby`, `lastvisited`, `menu`, `create_by`, `update_by`, `created_date`, `updated_date`, `status`, `birthday`, `sex`, `description`, `ismanager`) VALUES
(1, 2, 11, 'LHTM0001', 'Trường Mẫu Giáo Hoa Hồng', 'hoahong', 'hoahong@gmail.com', '$2y$10$kLP.PghDE8Yd6zYvE7/dz.xls8uvlnpmnySrRTyAG.Fi/xScuz.0e', 'qUUIWxNDgHwSC6pmTNLXoM2vTcmdsneaPC8VLBm76YlByHj9WPLYckZwsjje', 'aaaa', NULL, 2, 0, NULL, 0, 0, 0, '0000-00-00 00:00:00', 0, 1, 0, '2019-02-19 03:03:19', '', NULL, 1, '0000-00-00 00:00:00', '2019-02-19 03:03:19', 1, NULL, 1, NULL, 1);

--
-- Indexes for dumped tables
--

--
-- Indexes for table `hh_child`
--
ALTER TABLE `hh_child`
  ADD PRIMARY KEY (`id`);

--
-- Indexes for table `hh_class`
--
ALTER TABLE `hh_class`
  ADD PRIMARY KEY (`id`);

--
-- Indexes for table `hh_company`
--
ALTER TABLE `hh_company`
  ADD PRIMARY KEY (`id`);

--
-- Indexes for table `hh_save_data`
--
ALTER TABLE `hh_save_data`
  ADD PRIMARY KEY (`id`);

--
-- Indexes for table `hh_total_amount`
--
ALTER TABLE `hh_total_amount`
  ADD PRIMARY KEY (`id`);

--
-- Indexes for table `hh_total_sumary`
--
ALTER TABLE `hh_total_sumary`
  ADD PRIMARY KEY (`id`);

--
-- Indexes for table `hh_type_cost`
--
ALTER TABLE `hh_type_cost`
  ADD PRIMARY KEY (`id`);

--
-- Indexes for table `users`
--
ALTER TABLE `users`
  ADD PRIMARY KEY (`id`,`code`),
  ADD UNIQUE KEY `users_email_unique` (`email`),
  ADD KEY `users_department_id_foreign` (`department_id`);

--
-- AUTO_INCREMENT for dumped tables
--

--
-- AUTO_INCREMENT for table `hh_child`
--
ALTER TABLE `hh_child`
  MODIFY `id` int(11) NOT NULL AUTO_INCREMENT, AUTO_INCREMENT=208;

--
-- AUTO_INCREMENT for table `hh_class`
--
ALTER TABLE `hh_class`
  MODIFY `id` int(11) NOT NULL AUTO_INCREMENT, AUTO_INCREMENT=52;

--
-- AUTO_INCREMENT for table `hh_company`
--
ALTER TABLE `hh_company`
  MODIFY `id` int(11) NOT NULL AUTO_INCREMENT, AUTO_INCREMENT=38;

--
-- AUTO_INCREMENT for table `hh_save_data`
--
ALTER TABLE `hh_save_data`
  MODIFY `id` int(11) NOT NULL AUTO_INCREMENT, AUTO_INCREMENT=202;

--
-- AUTO_INCREMENT for table `hh_total_amount`
--
ALTER TABLE `hh_total_amount`
  MODIFY `id` int(11) NOT NULL AUTO_INCREMENT, AUTO_INCREMENT=75;

--
-- AUTO_INCREMENT for table `hh_total_sumary`
--
ALTER TABLE `hh_total_sumary`
  MODIFY `id` int(11) NOT NULL AUTO_INCREMENT, AUTO_INCREMENT=152;

--
-- AUTO_INCREMENT for table `hh_type_cost`
--
ALTER TABLE `hh_type_cost`
  MODIFY `id` int(11) NOT NULL AUTO_INCREMENT, AUTO_INCREMENT=52;

--
-- AUTO_INCREMENT for table `users`
--
ALTER TABLE `users`
  MODIFY `id` int(10) UNSIGNED NOT NULL AUTO_INCREMENT, AUTO_INCREMENT=2;
COMMIT;

/*!40101 SET CHARACTER_SET_CLIENT=@OLD_CHARACTER_SET_CLIENT */;
/*!40101 SET CHARACTER_SET_RESULTS=@OLD_CHARACTER_SET_RESULTS */;
/*!40101 SET COLLATION_CONNECTION=@OLD_COLLATION_CONNECTION */;
